NOMBRE,CIUDAD O MUNICIPIO,DEPARTAMENTO,DIRECCION,NECESIDAD,HORARIO ABRE,HORARIO CIERRE,TODOS LOS DIAS O LV,REQUIERE VOLUNTARIOS,CONTACTO,TELEFONO,ULTIMA REVISION,TIPO DE LUGAR,LATITUD,LONGITUD
Carrera 50#114sur-140,Caldas,Antioquia,Carrera 50#114sur-140,Agua · Guantes de obra · Gafas de seguridad · Tapabocas · Linternas · Palas · Picas · Barras de demolición · Carpas · Colchonetas · Pañales · Comida para animales,SIN DATO,SIN DATO,SIN DATO,NO,SIN DATO,SIN DATO,,PUNTO DE ACOPIO,6.10352,-75.63635
Club rotario Itagüí,Itagüí,Antioquia,Club rotario Itagüí,Agua · Comida · Guantes de obra · Gafas de seguridad · Tapabocas · Linternas · Palas · Porras · Barras de demolición · Percutores · Discos de pulidora · Cinceles · Seguetas · Baldes · Costales · Cinta,SIN DATO,SIN DATO,SIN DATO,NO,SIN DATO,SIN DATO,,PUNTO DE ACOPIO,6.168732,-75.612305
7 MESAS - CARRERA 81 #33AA-08,Medellín,Antioquia,7 MESAS - CARRERA 81 #33AA-08,Agua · Comida · Guantes de obra · Gafas de seguridad · Linternas · Palas · Picas · Percutores · Porras · Barras de demolición · Cinceles · Seguetas · Baldes · Costales · Cintas de seguridad · Colchone,SIN DATO,SIN DATO,SIN DATO,SI,SIN DATO,SIN DATO,,PUNTO DE ACOPIO,6.240166,-75.603023
Bodega punto de ACOPIO y recoleccion,Medellín,Antioquia,calle 14 #52a-304 cerca al olaya herrera,alimentos no perecederos · medicamentos,SIN DATO,SIN DATO,SIN DATO,NO,SIN DATO,SIN DATO,,PUNTO DE ACOPIO,6.218844,-75.584511
CALLE 7SUR #51A-02 GUAYABAL,Medellín,Antioquia,CALLE 7SUR #51A-02 GUAYABAL,Agua · Comida · Guantes de obra · Gafas de seguridad · Tapabocas · Linternas · Palas · Picas · Discos de pulidora · Percutores · Barras de demolición · Porras · Cinceles · Seguetas · Baldes · Costales,SIN DATO,SIN DATO,SIN DATO,NO,SIN DATO,SIN DATO,,PUNTO DE ACOPIO,6.202439,-75.586013
CANCHA SOCCER Y PADEL cola del zorro,Medellín,Antioquia,CANCHA SOCCER Y PADEL cola del zorro,Agua · Comida · Guantes de obra · Gafas de seguridad · Tapabocas · Linternas · Palas · Picas · Porras · Barras de demolición · Percutores · Discos de pulidora · Cinceles · Seguetas · Baldes · Costales,SIN DATO,SIN DATO,SIN DATO,NO,SIN DATO,SIN DATO,,PUNTO DE ACOPIO,6.207775,-75.550318
Corporacion trasescena carrera 40 #47-65,Medellín,Antioquia,Corporacion trasescena carrera 40 #47-65,Voluntarios · Guantes de obra · Gafas de seguridad · Tapabocas · Linternas · Palas · Picas · Porras · Barras de demolición · Percutores · Discos de pulidora · Cinceles · Seguetas · Baldes · Costales ·,SIN DATO,SIN DATO,SIN DATO,NO,SIN DATO,SIN DATO,,PUNTO DE ACOPIO,6.243704,-75.561723
edificio porton del laurel carera 80 #34b-30 apto 601,Medellín,Antioquia,edificio porton del laurel carera 80 #34b-30 apto 601,Guantes de obra · Gafas de seguridad · Tapabocas · Linternas · Cintas de seguridad · Electrolitos · Botiquín · Tapers · Carpas · Colchonetas · Pañales · Comida para animales,SIN DATO,SIN DATO,SIN DATO,NO,SIN DATO,SIN DATO,,PUNTO DE ACOPIO,6.240725,-75.602735
Inversiones acosta S.A.S,Medellín,Antioquia,calle 30a #72a 60,Linternas · Botiquín · Electrolitos · Tapers · Pañales · Comida para animales · Guantes de obra · Gafas de seguridad · Tapabocas · Cintas de seguridad · Colchonetas · Carpas · implementos de cocina,SIN DATO,SIN DATO,SIN DATO,NO,SIN DATO,SIN DATO,,PUNTO DE ACOPIO,6.232326,-75.593429
LATIN LOVER,Medellín,Antioquia,Tienda LATIN LOVER carrera 32d #9-29,Guantes de obra · Gafas de seguridad · Tapabocas · Linternas · Palas · Picas · Porras · Barras de demolición · Percutores · Discos de pulidora · Cinceles · Seguetas · Baldes · Costales · Cintas de seg,SIN DATO,SIN DATO,SIN DATO,NO,SIN DATO,SIN DATO,,PUNTO DE ACOPIO,6.207778,-75.564131
MISHKA CALLE 29 #79A-62,Medellín,Antioquia,MISHKA CALLE 29 #79A-62,Agua · Comida · Guantes de obra · Gafas de seguridad · Tapabocas · Linternas · Tapers · Botiquín · Electrolitos · Pañales · Comida para animales · Cintas de seguridad · MATERAIL PARA EMPACAR DONACIONE,SIN DATO,SIN DATO,SIN DATO,NO,SIN DATO,SIN DATO,,PUNTO DE ACOPIO,6.230682,-75.60026
prado centro calle 65 #50b-24,Medellín,Antioquia,prado centro calle 65 #50b-24,Agua · Comida · Guantes de obra · Gafas de seguridad · Tapabocas · Linternas · Cintas de seguridad · Electrolitos · Botiquín · Tapers · Carpas · Pañales · Comida para animales · Comida para bebes.,SIN DATO,SIN DATO,SIN DATO,NO,SIN DATO,SIN DATO,,PUNTO DE ACOPIO,6.262048,-75.562291
SON OF SON,Medellín,Antioquia,son of son calle 10d #30a-115,Guantes de obra · Gafas de seguridad · Tapabocas · Linternas · Palas · Picas · Discos de pulidora · Percutores · Barras de demolición · Porras · Cinceles · Seguetas · Baldes · Costales · Cintas de seg,SIN DATO,SIN DATO,SIN DATO,NO,SIN DATO,SIN DATO,,PUNTO DE ACOPIO,6.210811,-75.560786
BOG - Calle 116 #71A 49,Bogotá,Bogotá D.C.,Calle 116 #71A 49,Comida para animales · Pañales · Colchonetas · Botiquín · Tapers · Electrolitos · Carpas · Cintas de seguridad · Baldes · Costales · Seguetas · Cinceles · Discos de pulidora · Percutores · Barras de d,SIN DATO,SIN DATO,SIN DATO,SI,SIN DATO,SIN DATO,,PUNTO DE ACOPIO,4.699892,-74.078504
BOG - Vive Claro puerta 10,Bogotá,Bogotá D.C.,SIN DATO,Linternas · Palas · Picas · Porras · Botiquín · Pañales · Comida para animales · Comida · Medicamentos,SIN DATO,SIN DATO,SIN DATO,NO,SIN DATO,SIN DATO,,PUNTO DE ACOPIO,4.649151,-74.097553
Carulla Calle 85 - Unidos por Colombia,Bogotá,Bogotá D.C.,Ac 85 #15-23,SIN DATO,SIN DATO,SIN DATO,SIN DATO,NO,SIN DATO,3007767779,,PUNTO DE ACOPIO,4.671322,-74.057691
Cra. 28a #78 - 50,Bogotá,Bogotá D.C.,Cra. 28a #78 - 50,Agua · Comida · Guantes de obra · Gafas de seguridad · Tapabocas · Linternas · Electrolitos · Botiquín · Pañales · Comida para animales,SIN DATO,SIN DATO,SIN DATO,NO,SIN DATO,SIN DATO,,PUNTO DE ACOPIO,4.67017,-74.066113
Cruz Roja - Avenida Carrera 24 #73-83,Bogotá,Bogotá D.C.,Avenida Carrera 24 #73-83,Agua · Comida · Pañales · Colchonetas · Comida para animales · Botiquín · Gafas de seguridad · Guantes de obra,SIN DATO,SIN DATO,SIN DATO,NO,SIN DATO,SIN DATO,,PUNTO DE ACOPIO,4.664381,-74.066133
Universidad Nacional,Bogotá,Bogotá D.C.,Universidad Nacional U,SIN DATO,SIN DATO,SIN DATO,SIN DATO,NO,SIN DATO,SIN DATO,,PUNTO DE ACOPIO,4.638743,-74.085238
RIOSUCIO CALDAS,Riosucio,Caldas,BONAFONT,Voluntarios · Agua · Comida · Guantes de obra · Palas · Discos de pulidora · Baldes · Botiquín · Barras de demolición · Tapabocas · Linternas · Comida para animales,SIN DATO,SIN DATO,SIN DATO,NO,SIN DATO,SIN DATO,,PUNTO DE ACOPIO,5.420773,-75.702657
Centro de acopio /tienda PATINAJE,Popayán,Cauca,Cra 9 # 2n 55,Agua · Comida · Guantes de obra · Gafas de seguridad · Tapabocas · Linternas · Palas · Picas · Botiquín · Carpas · Pañales · Colchonetas · Comida para animales · Electrolitos · Costales · Baldes · Cin,SIN DATO,SIN DATO,SIN DATO,NO,SIN DATO,SIN DATO,,PUNTO DE ACOPIO,2.450034,-76.623044
Quimbaya,Quimbaya,Quindío,Alcaldía de Quimbaya,Gafas de seguridad · Tapabocas · Palas · Picas · Porras · Barras de demolición · Percutores · Botiquín · Voluntarios · Agua · Comida · Guantes de obra · Colchonetas · Electrolitos · Carpas · Comida pa,SIN DATO,SIN DATO,SIN DATO,NO,SIN DATO,SIN DATO,,PUNTO DE ACOPIO,4.623478,-75.762252
La Virginia (Risaralda) — municipio afectado,La Virginia,Risaralda,"La Virginia, Risaralda",Agua potable · Alimentos no perecederos · Medicamentos e insumos · Ropa en buen estado · Aseo personal,SIN DATO,SIN DATO,SIN DATO,NO,SIN DATO,SIN DATO,,PUNTO DE ACOPIO,4.899599,-75.882566
Campinas de Alcala,Pereira,Risaralda,"Q7Q5+W6 Pereira, Risaralda",Agua · Comida · Pañales · Botiquín · Guantes de obra · Pañales adulto - M,SIN DATO,SIN DATO,SIN DATO,NO,SIN DATO,SIN DATO,,PUNTO DE AGUA,4.789832,-75.741886
Casa cultural Alfonso López,Pereira,Risaralda,Casa cultural Alfonso López,Linternas · Botiquín · Agua · Comida · Comida para animales · Personal veterinario voluntario (Asi sea contacto),SIN DATO,SIN DATO,SIN DATO,NO,SIN DATO,SIN DATO,,PUNTO DE ACOPIO,4.810914,-75.676673
Clínica COMFAMILIAR Pereira,Pereira,Risaralda,Clínica COMFAMILIAR Pereira,Agua · Comida · Electrolitos · Botiquín · Insumos,SIN DATO,SIN DATO,SIN DATO,NO,SIN DATO,SIN DATO,,HOSPITAL,4.806655,-75.680775
Expofuturo,Pereira,Risaralda,Expofuturo,Voluntarios,SIN DATO,SIN DATO,SIN DATO,NO,SIN DATO,SIN DATO,,PUNTO DE ACOPIO,4.805329,-75.755543
Parque del recreo cuba,Pereira,Risaralda,Parque del recreo cuba,Carpas · Bloqueadores · manteca de cacao o hidratantes de labios para los niños,SIN DATO,SIN DATO,SIN DATO,NO,SIN DATO,SIN DATO,,ALBERGUE,4.792327,-75.740391
Providencia Pereira,Pereira,Risaralda,Providencia Pereira,Tapabocas · Comida para animales · Voluntarios · Linternas · Agua · Guantes de obra · Gafas de seguridad,SIN DATO,SIN DATO,SIN DATO,SI,SIN DATO,SIN DATO,,ALBERGUE,4.803408,-75.697418
San Nicolás,Pereira,Risaralda,San Nicolás,Colchonetas · Pañales · Comida para animales · Cintas de seguridad · Linternas · Agua · Botiquín · Aseo personal,SIN DATO,SIN DATO,SIN DATO,NO,SIN DATO,SIN DATO,,ALBERGUE,4.809461,-75.706411
Salón comunal barrio Rojas Pinilla,SAN GIL,Santander,SAN GIL - Salón comunal barrio Rojas Pinilla,Voluntarios · Linternas · Palas · Picas · Barras de demolición · Porras · Percutores · Cinceles · Seguetas · Discos de pulidora · Baldes · Costales · Cintas de seguridad · Electrolitos · Guantes de ob,SIN DATO,SIN DATO,SIN DATO,NO,SIN DATO,SIN DATO,,PUNTO DE ACOPIO,6.560278,-73.138395
Carrera 8#12-40,Buga,Valle del Cauca,Carrera 8#12-40,Agua · Comida · Linternas · Cintas de seguridad · Botiquín · Carpas · Colchonetas · Pañales · Comida para animales · Tapabocas,SIN DATO,SIN DATO,SIN DATO,NO,SIN DATO,3234054700,,PUNTO DE ACOPIO,3.902747,-76.29446
GYM CASA ESTUDIO,Buga,Valle del Cauca,GYM CASA ESTUDIO,Comida · Carpas · Pañales · Colchonetas · Alimentos perecederos · Agua · COBIJAS · GRANOS · PASTAS · ENLATADOS · BOTELLAS VACÍAS · Comida para animales · Linternas · ROPA DE BEBÉ,SIN DATO,SIN DATO,SIN DATO,SI,SIN DATO,SIN DATO,,PUNTO DE ACOPIO,3.887732,-76.299202
Acopio Ayuda para Dagua,Cali,Valle del Cauca,"Avenida 7A Norte #56-120 Edificó Santorini, Barrio Menga Cali",Agua · Comida · Guantes de obra · Gafas de seguridad · Tapabocas · Linternas · Palas · Picas · Porras · Colchonetas · Pañales · Carpas · Comida para animales,SIN DATO,SIN DATO,SIN DATO,NO,SIN DATO,SIN DATO,,PUNTO DE ACOPIO,3.488842,-76.526692
Acopio Ciudadela Petronio — Coliseo El Pueblo,Cali,Valle del Cauca,Unidad Deportiva Alberto Galindo,SIN DATO,SIN DATO,SIN DATO,SIN DATO,NO,SIN DATO,3127356395,,PUNTO DE ACOPIO,3.413385,-76.551735
Acopio Escuela Popular de la Guadua — hogares provisionales,Cali,Valle del Cauca,"Barrio Ulpiano Lloreda, Cali (ubicación aproximada, llama antes de ir)",Bambú Phyllostachys (300) · Alambre galvanizado calibre 18 (5 kg) · Taladros · Alicates · Pinzas · Brocas 1/8 · Seguetas · Cabuya · Banner,SIN DATO,SIN DATO,SIN DATO,NO,SIN DATO,3135650719,,PUNTO DE ACOPIO,3.4449,-76.4901
Acopio Fuerza Valle — CC La Estación (principal),Cali,Valle del Cauca,"Carrera 2B # 38-14, Centro Comercial La Estación, Cali",Víveres no perecederos · Agua e hidratación · Elementos de aseo · Carpas · Colchonetas · Cobijas y sábanas,SIN DATO,SIN DATO,SIN DATO,NO,SIN DATO,SIN DATO,,PUNTO DE ACOPIO,3.46462,-76.513284
Acopio Fuerza Valle — San Antonio (secundario),Cali,Valle del Cauca,"Carrera 5 # 2-80, San Antonio, Cali",Víveres no perecederos · Agua e hidratación · Elementos de aseo · Carpas · Colchonetas · Cobijas y sábanas,SIN DATO,SIN DATO,SIN DATO,NO,SIN DATO,SIN DATO,,PUNTO DE ACOPIO,3.448173,-76.538933
ACOPIO MI DON PARA SERVIR,Cali,Valle del Cauca,Carrera 44 #8a - 03,Agua · Comida · Guantes de obra · Gafas de seguridad · Tapabocas · Linternas · Baldes · Costales · Cintas de seguridad · Electrolitos · Botiquín · Tapers · Carpas · Colchonetas · Pañales · Cobijas · A,SIN DATO,SIN DATO,SIN DATO,NO,SIN DATO,3187767565,,PUNTO DE ACOPIO,3.416907,-76.540085
Acopio Para El Darién y Pueblos,Cali,Valle del Cauca,Cra 39a 34 147,Agua · Comida · Guantes de obra · Gafas de seguridad · Tapabocas · Linternas · Discos de pulidora · Percutores · Cinceles · Cintas de seguridad · Electrolitos · Botiquín · Tapers · Carpas · Colchoneta,SIN DATO,SIN DATO,SIN DATO,NO,SIN DATO,3057071744,,PUNTO DE ACOPIO,3.419385,-76.508857
"Acopio Quibdo, Mzl, Btura",Cali,Valle del Cauca,Calle 9 con carrera 39,Agua · Comida · Guantes de obra · Gafas de seguridad · Tapabocas · Linternas · Palas · Picas · Porras · Barras de demolición · Percutores · Discos de pulidora · Cinceles · Seguetas · Baldes · Costales,SIN DATO,SIN DATO,SIN DATO,NO,SIN DATO,SIN DATO,,PUNTO DE ACOPIO,3.421445,-76.538617
"Alto melendez muchas casas se van a caer, necesitamos volquetas",Cali,Valle del Cauca,Cra 94 D #2 - 09,Guantes de obra · Tapabocas · Linternas · Palas · Barras de demolición · Discos de pulidora · Baldes · Costales · Cintas de seguridad · Electrolitos · Botiquín · Volquetas!,SIN DATO,SIN DATO,SIN DATO,NO,SIN DATO,SIN DATO,,ALBERGUE,3.378043,-76.545203
Altos de Meléndez,Cali,Valle del Cauca,Altos de Meléndez,"Voluntarios · Comida para animales · Botiquín · Colchonetas · ""estufa"" ""ollas"" ""mesas"" ""gas"" ""menaje cocina"" ""platos"" ""vasos"" · Carpas",SIN DATO,SIN DATO,SIN DATO,NO,SIN DATO,SIN DATO,,COCINA COMUNITARIA,3.377051,-76.549896
Avenida 3 c norte # 62 n 77,Cali,Valle del Cauca,Avenida 3 c norte # 62 n 77,SIN DATO,SIN DATO,SIN DATO,SIN DATO,SI,SIN DATO,3183130402,,PUNTO DE ACOPIO,3.490349,-76.515032
Avenida 3 FN numero 59 N 120 -Unidad Recodo de la Flora casa 22.,Cali,Valle del Cauca,Avenida 3 FN numero 59 N 120 -Unidad Recodo de la Flora casa 22.,Agua · Comida · Guantes de obra · Gafas de seguridad · Tapabocas · Linternas · Palas · Picas · Porras · Barras de demolición · Percutores · Discos de pulidora · Cinceles · Seguetas · Baldes · Costales,SIN DATO,SIN DATO,SIN DATO,NO,SIN DATO,SIN DATO,,PUNTO DE ACOPIO,3.489596,-76.5168
Ayuda para Roldanillo,Cali,Valle del Cauca,SIN DATO,Agua · Tapabocas · Linternas · Costales · Botiquín · Carpas · La ayuda va para Roldanillo se entregará personalmente a los damnificados,SIN DATO,SIN DATO,SIN DATO,SI,SIN DATO,3182346087,,PUNTO DE ACOPIO,3.41839,-76.498866
Ayudas para norte del valle,Cali,Valle del Cauca,Carrera 17 #21-37,Agua · Comida · Tapabocas · Linternas · Electrolitos · Carpas · Colchonetas · Pañales · Comida para animales · Guantes de obra · Palas · Seguetas · Botiquín · Productos de aseo · medicamentos · cobija,SIN DATO,SIN DATO,SIN DATO,NO,SIN DATO,3167548296,,PUNTO DE ACOPIO,3.442712,-76.520569
cali-,Cali,Valle del Cauca,Cali,Comida · Tenemos comida hecha ya lista · que punto lo necesita?,SIN DATO,SIN DATO,SIN DATO,NO,SIN DATO,SIN DATO,,COCINA COMUNITARIA,3.410843,-76.581213
"Calle 2 #78b-30, Conjunto Multifamiliar Atabanza",Cali,Valle del Cauca,"Calle 2 #78b-30, Conjunto Multifamiliar Atabanza",Colchonetas · Pañales · Botiquín · Comida para animales · Carpas · Alimento no perecedero,SIN DATO,SIN DATO,SIN DATO,NO,SIN DATO,SIN DATO,,PUNTO DE ACOPIO,3.387281,-76.552338
Calle 27 #36 10 el jardin,Cali,Valle del Cauca,Calle 27 #36 10 el jardin,Comida · Colchonetas · Pañales · Comida para animales · Carpas · Voluntarios · Guantes de obra · Gafas de seguridad · Tapabocas,SIN DATO,SIN DATO,SIN DATO,SI,SIN DATO,SIN DATO,,PUNTO DE ACOPIO,3.423677,-76.517129
Calle 5 - 16 Biblioteca la dignidad,Cali,Valle del Cauca,Calle 5 - 16 Biblioteca la dignidad,Linternas · Palas · Baldes · Electrolitos · Botiquín · Carpas · Guantes de obra · Gafas de seguridad · Tapabocas · Elementos para llevar al norte del Valle del Cauca,SIN DATO,SIN DATO,SIN DATO,NO,SIN DATO,SIN DATO,,PUNTO DE ACOPIO,3.442798,-76.536957
Calle 5 con 44,Cali,Valle del Cauca,Calle 5 # 43-70,Vigas de madera · Destornillador de pala · Destornillador de estrias · Cintas de enmascarar · Esparadrapo · Brocas de Tusteno de taladro · Brocas de Tusteno Retromartillo · Agua · Palas · Picas · Elec,SIN DATO,SIN DATO,SIN DATO,NO,SIN DATO,SIN DATO,,PUNTO DE ACOPIO,3.42042,-76.548323
Calle 59d #2a17 — ¡Sumemos fuerzas por Rodalnillo! 🚨,Cali,Valle del Cauca,Calle 59d #2a17 — ¡Sumemos fuerzas por Rodalnillo! 🚨,Comida · Pañales · Botiquín · Comida para animales · Agua · Carpas · Linternas,SIN DATO,SIN DATO,SIN DATO,NO,SIN DATO,SIN DATO,,PUNTO DE ACOPIO,3.469807,-76.494081
Calle 72h #28d3 02 calipso,Cali,Valle del Cauca,Calle 72h #28d3 02 calipso,Comida · Guantes de obra · Linternas · Carpas · Colchonetas · Pañales · Electrolitos · Tapabocas · Agua · Acopio para  La vereda SAN JUAN · corregimiento las delicias MEDIA CANOA,SIN DATO,SIN DATO,SIN DATO,NO,SIN DATO,3245036999,,PUNTO DE ACOPIO,3.424599,-76.49616
Calle 8 14 106,Cali,Valle del Cauca,Calle 8 14 106,Agua · Gafas de seguridad · Linternas · Tapabocas · Palas · Picas · Porras · Barras de demolición · Cinceles · Seguetas · Baldes · Cintas de seguridad · Tapers · Electrolitos · Carpas,SIN DATO,SIN DATO,SIN DATO,NO,SIN DATO,SIN DATO,,PUNTO DE ACOPIO,3.442386,-76.534299
Calle 84 1a1-258 Ramali,Cali,Valle del Cauca,Calle 84 1a1-258 Ramali,Electrolitos · Linternas · Pañales · Colchonetas · Carpas · Toallitas húmedas · acetaminofén para niños venta libre · Jarabe para la tos venta libre · Compota,SIN DATO,SIN DATO,SIN DATO,NO,SIN DATO,SIN DATO,,HOSPITAL,3.488946,-76.484142
Canchas panamericanas,Cali,Valle del Cauca,Canchas panamericanas,Comida · Colchonetas · Pañales · Botiquín · Ropa de hombre · PARAMEDICOS VOLUNTARIOS (9am-2pm),SIN DATO,SIN DATO,SIN DATO,NO,SIN DATO,SIN DATO,,PUNTO DE ACOPIO,3.421818,-76.536124
Carrera 126 #5-100,Cali,Valle del Cauca,Carrera 126 #5-100,Agua · Colchonetas · Electrolitos · Linternas · Comida,SIN DATO,SIN DATO,SIN DATO,NO,SIN DATO,SIN DATO,,PUNTO DE ACOPIO,3.333986,-76.545565
Carrera 18 # 4a - 16,Cali,Valle del Cauca,Carrera 18 # 4a - 16,Comida · Dentro de acopio para buenaventura,SIN DATO,SIN DATO,SIN DATO,NO,SIN DATO,3183130402,,PUNTO DE ACOPIO,3.441308,-76.540019
Carrera 26 g6 #72s-160,Cali,Valle del Cauca,Carrera 26 g6 #72s-160,Agua · Comida · Pañales · Comida para animales · Linternas · Tapabocas · Botiquín · Carpas · Guantes de obra · Gafas de seguridad · Electrolitos,SIN DATO,SIN DATO,SIN DATO,NO,SIN DATO,3156973125,,PUNTO DE ACOPIO,3.4396,-76.534939
Carrera 28 D328-68 parqueadero robles,Cali,Valle del Cauca,Carrera 28 D328-68 parqueadero robles,Colchonetas · Pañales · Carpas · Comida,SIN DATO,SIN DATO,SIN DATO,NO,SIN DATO,3183130402,,PUNTO DE ACOPIO,3.423102,-76.494286
Carrera 56 # 13C-29,Cali,Valle del Cauca,Carrera 56 # 13C-29,Agua · Electrolitos · Botiquín · Pañales · Alimentos No Perecederos · Aseo Personal,SIN DATO,SIN DATO,SIN DATO,NO,SIN DATO,SIN DATO,,PUNTO DE ACOPIO,3.404952,-76.534135
Casa Cristiana Internacional,Cali,Valle del Cauca,Calle18#106-46,Agua · Comida · Linternas · Tapabocas · Electrolitos · Colchonetas · Pañales · Comida para animales · Alimentos no perecederos · elementos de aseo · fórmula para bebés · insumos médicos,SIN DATO,SIN DATO,SIN DATO,NO,SIN DATO,3186318389,,PUNTO DE ACOPIO,3.363177,-76.531681
Casa de acopio para buenaventura,Cali,Valle del Cauca,Cra 36#26-30,Agua · Tapabocas · Linternas · Botiquín · Pañales · Colchonetas,SIN DATO,SIN DATO,SIN DATO,NO,SIN DATO,3216647543,,PUNTO DE ACOPIO,3.421094,-76.519798
Centro Cultural Comuna 1 - Vista Hermosa,Cali,Valle del Cauca,SIN DATO,Agua · Electrolitos · Botiquín · Carpas · Colchonetas · Pañales · Comida para animales,SIN DATO,SIN DATO,SIN DATO,NO,SIN DATO,SIN DATO,,PUNTO DE ACOPIO,3.462292,-76.587291
Centro de acopio Colegio Bilingüe Lacordaire,Cali,Valle del Cauca,Centro de acopio Colegio Bilingüe Lacordaire,Guantes de obra · Gafas de seguridad · Tapabocas · Linternas · Carpas · Colchonetas · Pañales,SIN DATO,SIN DATO,SIN DATO,NO,SIN DATO,SIN DATO,,PUNTO DE ACOPIO,3.377194,-76.543076
Centro de acopio Universidad Icesi (medicamentos),Cali,Valle del Cauca,"Universidad Icesi, Edificio G-108G",Cánulas de Guedel · Máscaras simples · Mantas térmicas · Alimento para animales · Pañales · Colchonetas · Carpas · Agua · Gafas de seguridad · Linternas · Isodine solucion · isodine espuma · Micropore,SIN DATO,SIN DATO,SIN DATO,NO,SIN DATO,3207163511,,PUNTO DE ACOPIO,3.340881,-76.529179
Centro de Recolección Iglesia Familia de Dios (Centro Comercial Santiago Plaza),Cali,Valle del Cauca,Centro de Recolección Iglesia Familia de Dios (Centro Comercial Santiago Plaza),Agua · Comida · Tapabocas · Linternas · Electrolitos · Botiquín · Pañales · Colchonetas · Comida para animales,SIN DATO,SIN DATO,SIN DATO,NO,SIN DATO,3168617288,,PUNTO DE ACOPIO,3.400952,-76.523981
Clínica Rey David — evacuación,Cali,Valle del Cauca,Clínica Rey David,Apoyo para evacuar pacientes,SIN DATO,SIN DATO,SIN DATO,NO,SIN DATO,SIN DATO,,HOSPITAL,3.427267,-76.538518
Cll. 13c no. 49-15,Cali,Valle del Cauca,Cll. 13c no. 49-15,SIN DATO,SIN DATO,SIN DATO,SIN DATO,SI,SIN DATO,SIN DATO,,PUNTO DE ACOPIO,3.409051,-76.531352
Colegio Lacordaire,Cali,Valle del Cauca,SIN DATO,SIN DATO,SIN DATO,SIN DATO,SIN DATO,NO,SIN DATO,SIN DATO,,ALBERGUE,3.377475,-76.543166
Coliseo de Hocky Miguel Calero,Cali,Valle del Cauca,SIN DATO,SIN DATO,SIN DATO,SIN DATO,SIN DATO,NO,SIN DATO,SIN DATO,,ALBERGUE,3.42206,-76.537909
CRA 65A #10A - 147,Cali,Valle del Cauca,CRA 65A #10A - 147,Tapabocas · Botiquín · Ropa - Alcohol - Medicamentos · Este punto NO EXISTE,SIN DATO,SIN DATO,SIN DATO,NO,SIN DATO,SIN DATO,,PUNTO DE ACOPIO,3.399527,-76.540782
Cra 83c #38-10 casa 28 conjunto R ciudadela confandi,Cali,Valle del Cauca,Cra 83c #38-10 casa 28 conjunto R ciudadela confandi,Agua · Comida · Tapabocas · Botiquín · Carpas · Linternas · Antibióticos orales y endovenosos · dipirona · AINES · lidocaina · vendajes · a pósitos estériles · alimentos no perecederos,SIN DATO,SIN DATO,SIN DATO,NO,SIN DATO,SIN DATO,,PUNTO DE ACOPIO,3.383419,-76.521371
Donación para montañitas y restrepo,Cali,Valle del Cauca,Carrera 28 #34-12 bello horizonte de Cali,Agua · Comida · Linternas · Tapabocas · Botiquín · Carpas · Colchonetas · Pañales · Comida para animales,SIN DATO,SIN DATO,SIN DATO,NO,SIN DATO,3117354818,,PUNTO DE ACOPIO,3.432445,-76.505022
Donaciones,Cali,Valle del Cauca,Calle 23 #7-21,Colchonetas · Comida para animales · Voluntarios · Cobijas,SIN DATO,SIN DATO,SIN DATO,NO,SIN DATO,3018324740,,PUNTO DE ACOPIO,3.453978,-76.521185
El Morumbi - Acopio,Cali,Valle del Cauca,Carrera 70 calle 13a 1 - 11,Comida · Gafas de seguridad · Tapabocas · Electrolitos · Pañales,SIN DATO,SIN DATO,SIN DATO,NO,SIN DATO,SIN DATO,,PUNTO DE ACOPIO,3.394043,-76.535717
El Refugio,Cali,Valle del Cauca,"Calle 4 #66B-52, detrás del edificio Miroliving",Pilas · Gafas de seguridad · Guantes de obra · Linternas · Iluminación · cascos y guantes · Medicamentos endovenosos · Antibióticos,SIN DATO,SIN DATO,SIN DATO,NO,SIN DATO,3012881481,,COCINA COMUNITARIA,3.397223,-76.547695
"Envíos a Norte del Valle, Chocó y Buenaventura — Barrio Libertadores",Cali,Valle del Cauca,"Cra 17 #2B-36, Barrio Libertadores","Medicamentos e insumos médicos · Palas, picas, gatos, carretillas · Alimentos no perecederos · Carpas, colchonetas, cobijas · Lámparas, linternas y pilas",SIN DATO,SIN DATO,SIN DATO,NO,SIN DATO,3233134606,,PUNTO DE ACOPIO,3.443187,-76.544074
Envíos a Sevilla y El Cairo — Barrio Departamental,Cali,Valle del Cauca,"Calle 10A #46-19, Barrio Departamental",Agua · Alimentos no perecederos · Aseo e higiene personal · Cobijas · Colchonetas,SIN DATO,SIN DATO,SIN DATO,NO,SIN DATO,3188282548,,PUNTO DE ACOPIO,3.413763,-76.536867
FUNDACIÓN SER PARA SER,Cali,Valle del Cauca,Cl. 11 #65 A -75,Pañales · Colchonetas · Botiquín · Electrolitos · Ropa · Comida · Agua · Comida para animales,SIN DATO,SIN DATO,SIN DATO,NO,SIN DATO,3156694806,,PUNTO DE ACOPIO,3.398977,-76.540048
Fundacion Valle del Lili,Cali,Valle del Cauca,Fundacion Valle del Lili,SIN DATO,SIN DATO,SIN DATO,SIN DATO,NO,SIN DATO,SIN DATO,,HOSPITAL,3.352337,-76.527398
Fundapre ( fundación para el desarrollo de la educación),Cali,Valle del Cauca,Calle 5b #26-71 San Fernando,Agua · Comida · Pañales · Comida para animales · Electrolitos · Colchonetas · Carpas · Botiquín · Tapers · Productos de aseo personal,SIN DATO,SIN DATO,SIN DATO,NO,SIN DATO,3016816653,,PUNTO DE ACOPIO,3.433931,-76.54043
Ganko,Cali,Valle del Cauca,CRA 86 bis #48-40 local 5,Agua · Comida · Pañales · Colchonetas · Comida para animales · Carpas · Ropa en buen estado para niños y adultos · zapatos · chanclas · pañales para adulto · pañales para bebé · pañitos · agua · almoh,SIN DATO,SIN DATO,SIN DATO,NO,SIN DATO,SIN DATO,,PUNTO DE ACOPIO,3.378812,-76.515827
Garec GPS (Fundacion Red de Apoyo SIC),Cali,Valle del Cauca,Cra 14A #8-24,Pañales · Comida para animales · Carpas · Colchonetas · Botiquín · Linternas · Agua,SIN DATO,SIN DATO,SIN DATO,NO,SIN DATO,SIN DATO,,PUNTO DE ACOPIO,3.442265,-76.534104
Hogar geriátrico luz y amor,Cali,Valle del Cauca,SIN DATO,Agua · Frutas · Necesitan agua para consumo · Frutas y verduras · No cuentan con enfermera · Servicio de enfermería,SIN DATO,SIN DATO,SIN DATO,NO,SIN DATO,3225636709,,PUNTO DE AGUA,3.486218,-76.524085
Hospital Carlos Holmes Trujillo — evacuación,Cali,Valle del Cauca,Hospital Carlos Holmes Trujillo,Solo necesitan electrolit · Agua,SIN DATO,SIN DATO,SIN DATO,NO,SIN DATO,SIN DATO,,HOSPITAL,3.418698,-76.494126
Iglesia Roosevelt,Cali,Valle del Cauca,"Av. Roosevelt #24-75, 3 de Julio, Cali, Valle del Cauca",SIN DATO,SIN DATO,SIN DATO,SIN DATO,NO,SIN DATO,3004129179,,ALBERGUE,3.436539,-76.538642
IUMEC Central,Cali,Valle del Cauca,Calle 13 # 32-129,Botiquín · Colchonetas · Electrolitos · Comida para animales · Linternas · Comida · Carpas · Tapabocas · Donaciones,SIN DATO,SIN DATO,SIN DATO,NO,SIN DATO,3162959683,,PUNTO DE ACOPIO,3.419381,-76.531097
Kiosco Caracolies leguas de guadalupe,Cali,Valle del Cauca,Calle 2 # 57,Agua · Pañales · Comida,SIN DATO,SIN DATO,SIN DATO,NO,SIN DATO,3183130402,,PUNTO DE ACOPIO,3.432945,-76.542551
La leyenda mall punto recolección,Cali,Valle del Cauca,La leyenda mall,Guantes de obra · Linternas · Tapabocas · Barras de demolición · Picas · Percutores · Discos de pulidora · Cinceles · Seguetas,SIN DATO,SIN DATO,SIN DATO,NO,SIN DATO,SIN DATO,,PUNTO DE ACOPIO,3.365278,-76.536126
"norte Cali ayudas para llevar a Cali, Chocó y Pereira",Cali,Valle del Cauca,Cra 3b 45-12 Salomia,Comida para animales · Test parvovirus · Bravecto · Nexgard spectra · Desparasitantes internos · Batas desechables · agua · unitral · test distempermoquillo · vitaminas · lacto reemplazadores · comida,SIN DATO,SIN DATO,SIN DATO,NO,SIN DATO,3053397786,,PUNTO DE ACOPIO,3.46369,-76.504758
Notaría 20 — Poblado II,Cali,Valle del Cauca,"Carrera 28D #72W-14, segundo piso",Picas · Palas · Linternas · Percutores · Discos de pulidora · Pulidoras con operadores · VOLQUETAS · Barras de demolición · Baldes · Botiquín · Cintas de seguridad · Gafas de seguridad · Voluntarios ·,SIN DATO,SIN DATO,SIN DATO,NO,SIN DATO,3127937130,,COCINA COMUNITARIA,3.421129,-76.490239
Parroquia Juan pablo ll Cra93#45-58,Cali,Valle del Cauca,Parroquia Juan pablo ll Cra93#45-58,Agua · Comida · Guantes de obra · Gafas de seguridad · Tapabocas · Linternas · Palas · Picas · Porras · Barras de demolición · Percutores · Discos de pulidora · Cinceles · Seguetas · Baldes · Costales,SIN DATO,SIN DATO,SIN DATO,NO,SIN DATO,3162357186,,PUNTO DE ACOPIO,3.376033,-76.518679
"Punto de acopio , olla comunitaria y refugio",Cali,Valle del Cauca,CRA 48# 25-57,Agua · Gafas de seguridad · Tapabocas · Barras de demolición · Porras · Percutores · Seguetas · Cinceles · Baldes · Cintas de seguridad · Discos de pulidora · Carpas · Tapers · Botiquín · Electrolitos,SIN DATO,SIN DATO,SIN DATO,NO,SIN DATO,3147336751,,PUNTO DE ACOPIO,3.407484,-76.521242
PUNTO DE ACOPIO CARRERA 24 CALLE 51-68 NUEVA FLORESTA,Cali,Valle del Cauca,CARRERA 24 CALLE 51-68 NUEVA FLORESTA,Comida no Perecedora,SIN DATO,SIN DATO,SIN DATO,NO,SIN DATO,3188056915,,PUNTO DE ACOPIO,3.440133,-76.499083
Punto de acopio hacia el norte del valle carrera 38 #6-50 barrio eucarístico,Cali,Valle del Cauca,Punto de acopio hacia el norte del valle carrera 38 #6-50 barrio eucarístico,Agua · Comida · Gafas de seguridad · Picas · Palas · Discos de pulidora · Carpas · Linternas · Barras de demolición · Cinceles · Seguetas · Baldes · Todo tipo de insumos · Comida para animales,SIN DATO,SIN DATO,SIN DATO,SI,SIN DATO,SIN DATO,,PUNTO DE ACOPIO,3.421484,-76.527069
Punto de acopio Unidad Guaraní,Cali,Valle del Cauca,Unidad guarani,Comida · Agua · Botiquín · Pañales · Colchonetas · Electrolitos · Comida para animales · Carpas,SIN DATO,SIN DATO,SIN DATO,NO,SIN DATO,SIN DATO,,PUNTO DE ACOPIO,3.39018,-76.549271
Ramali casta comunal,Cali,Valle del Cauca,Ramali casta comunal,Colchonetas · Agua · Comida para animales · Carpas · Pañales · Comida,SIN DATO,SIN DATO,SIN DATO,NO,SIN DATO,3215644443,,ALBERGUE,3.490769,-76.484596
Restaurante Valle Pacífico,Cali,Valle del Cauca,Carrera 6 # 2-130,Tapabocas · Pañales · Agua · Artículos de aseo e insumos médicos,SIN DATO,SIN DATO,SIN DATO,NO,SIN DATO,SIN DATO,,PUNTO DE ACOPIO,3.447545,-76.538867
Sede Comunal Barrio Calima,Cali,Valle del Cauca,CRA 6N#65N-69,Centro de Acopio de ayudas,SIN DATO,SIN DATO,SIN DATO,NO,SIN DATO,3116297361,,PUNTO DE ACOPIO,3.485464,-76.501917
Terrón colorado,Cali,Valle del Cauca,Calle 25oeste#4-64 barrio terrón colorado /frente ala escuela Ana María de Lloreda,Agua · Comida · Comida para animales · Pañales · Botiquín · Palas · Guantes de obra · Kit de aseo · material de construcción,SIN DATO,SIN DATO,SIN DATO,NO,SIN DATO,3165623912,,PUNTO DE ACOPIO,3.452073,-76.56834
Tertuliadero Capri,Cali,Valle del Cauca,"Cra 78A #05 #10 a, Comuna 17, Cali, Valle del Cauca",Alimentos No Perecederos · Jabones Barra · Cepillos Dientes · Cremas Dentales · Papel Higiénico · Shampoo · Desodorantes · Envases de Viaje(100ml) · Kits Primer Auxilio,SIN DATO,SIN DATO,SIN DATO,NO,SIN DATO,3148887645,,ALBERGUE,3.388014,-76.541709
Universidad del valle San Fernando,Cali,Valle del Cauca,Universidad del valle San Fernando,Agua · Comida · Electrolitos · Botiquín · Carpas · Pañales · Colchonetas · Comida para animales · Linternas · Tapabocas,SIN DATO,SIN DATO,SIN DATO,NO,SIN DATO,3053235118,,PUNTO DE ACOPIO,3.43478,-76.542534
Vanessa Jaramillo,Cali,Valle del Cauca,Hospital universitario,Picas · Leche de fórmula 1 en tarro · suero oral.,SIN DATO,SIN DATO,SIN DATO,NO,SIN DATO,SIN DATO,,PUNTO DE AGUA,3.430183,-76.54544
Acopio portal de jamundi Carrera 1c Sur #10c-132,Jamundí,Valle del Cauca,Acopio portal de jamundi Carrera 1c Sur #10c-132,Comida · Agua · Gafas de seguridad · Barras de demolición · Baldes · Costales · Botiquín · Tapers · Carpas · Colchonetas · Pañales · Comida para animales · Guantes de obra · Porras · Discos de pulidor,SIN DATO,SIN DATO,SIN DATO,NO,SIN DATO,SIN DATO,,PUNTO DE ACOPIO,3.254186,-76.533285
Punto de acopio JAMUNDI PARQUE DE LOS CHOLADO,Jamundí,Valle del Cauca,SIN DATO,SIN DATO,SIN DATO,SIN DATO,SIN DATO,NO,SIN DATO,SIN DATO,,PUNTO DE ACOPIO,3.265072,-76.536643
"Estacion bomberos, la cumbre",La Cumbre,Valle del Cauca,"Estacion bomberos, la cumbre",Agua · Comida · Electrolitos · Botiquín · Colchonetas · Carpas · Pañales · Comida para animales · Se necesitan insumos para llevar a las personas afectadas que se quedaron sin hogar en el municipio de,SIN DATO,SIN DATO,SIN DATO,NO,SIN DATO,3147068901,,PUNTO DE ACOPIO,3.649591,-76.568962
"Calle 16 # 3-278, La Unión, Valle del Cauca, DAR BRUT CVC",La Unión,Valle del Cauca,"Calle 16 # 3-278, La Unión, Valle del Cauca, DAR BRUT CVC",Agua · Electrolitos · Botiquín · Pañales · Comida para animales · Se necesita: Alimentos no Perecederos · Aseo Personal,SIN DATO,SIN DATO,SIN DATO,NO,SIN DATO,SIN DATO,,PUNTO DE ACOPIO,4.531514,-76.090892
Coliseo Angelino Garzón,La Unión,Valle del Cauca,Coliseo Angelino Garzón,Comida · Comida para animales · Pañales · Colchonetas · Electrolitos,SIN DATO,SIN DATO,SIN DATO,NO,SIN DATO,SIN DATO,,ALBERGUE,4.527269,-76.097909
Rey Bajo casa 36,Roldanillo,Valle del Cauca,Rey Bajo casa 36,Comida · Agua · Tapabocas · Colchonetas · Pañales · Comida para animales,SIN DATO,SIN DATO,SIN DATO,SI,SIN DATO,3136556005,,PUNTO DE ACOPIO,4.421037,-76.144986
Roldanillo,Roldanillo,Valle del Cauca,Roldanillo,Gasolina · Pañales XL para ancianos · Guantes de obra · Gafas de seguridad · Tapabocas · Linternas · Palas · Pañales,SIN DATO,SIN DATO,SIN DATO,SI,SIN DATO,3128223720,,PUNTO DE AGUA,4.409117,-76.154374
andinapolis,Trujillo,Valle del Cauca,andinapolis,Linternas · Agua · Comida · Guantes de obra · Gafas de seguridad · Porras · Colchonetas · Carpas · Comida para animales · Pañales · Botiquín · enlatados · no perecederos · starlink · paneles solares y,SIN DATO,SIN DATO,SIN DATO,SI,SIN DATO,3184695096,,ALBERGUE,4.166972,-76.386254
Donaciones para Roldanillo,Tuluá,Valle del Cauca,Calle 28c 37-39,Colchonetas · Pañales · Carpas · Electrolitos · Comida · Botiquín · Comida para animales · Aseo personal,SIN DATO,SIN DATO,SIN DATO,NO,SIN DATO,3173870015,,PUNTO DE ACOPIO,4.08041,-76.188858
"Calle 10, Menga",Yumbo,Valle del Cauca,"Calle 10, Menga",Agua · Comida · Guantes de obra · Tapabocas · Linternas · Palas · Picas · Percutores · Barras de demolición · Cinceles · Porras · Baldes · Costales · Cintas de seguridad · Seguetas · Carpas · Tapers,SIN DATO,SIN DATO,SIN DATO,NO,SIN DATO,SIN DATO,,PUNTO DE ACOPIO,3.497489,-76.521958
Calle 15 #37-05,Yumbo,Valle del Cauca,Calle 15 #37-05,Botiquín · Electrolitos · Colchonetas · Pañales · Tapers · Carpas · Mula para B/ventura · Cajas,SIN DATO,SIN DATO,SIN DATO,NO,SIN DATO,SIN DATO,,PUNTO DE ACOPIO,3.493583,-76.50862
Carga avioneta - Barrio León 13,Yumbo,Valle del Cauca,Calle 34a #29a-35,Voluntarios · Transporte de personal al aeropuerto 8:30am,SIN DATO,SIN DATO,SIN DATO,NO,SIN DATO,3217773660,,PUNTO DE ACOPIO,3.556858,-76.504609
"CL.10#22a 700, Yumbo, Arroyo Hondo , Parcelacion Laguna Seca , casa 30",Yumbo,Valle del Cauca,"CL.10#22a 700, Yumbo, Arroyo Hondo , Parcelacion Laguna Seca , casa 30",Colchonetas · Carpas · Electrolitos · Pañales · Comida para animales · Cinceles · Seguetas · Botiquín · Tapers · Costales · Cintas de seguridad · Percutores · Comida · Baldes · Barras de demolición · ,SIN DATO,SIN DATO,SIN DATO,NO,SIN DATO,3108379539,,PUNTO DE ACOPIO,3.542793,-76.509898
Texaco Cali - Yumbo,Yumbo,Valle del Cauca,Texaco Cali - Yumbo,Agua · Botiquín · Electrolitos · Carpas · Colchonetas · Pañales · Comida para animales,SIN DATO,SIN DATO,SIN DATO,NO,SIN DATO,SIN DATO,,PUNTO DE ACOPIO,3.493453,-76.508854
