NOMBRE,CIUDAD O MUNICIPIO,DEPARTAMENTO,DIRECCION NO SITIOS,NECESIDAD,HORARIO ABRE,HORARIO CIERRE,TODOS LOS DIAS O LV,REQUIERE VOLUNTARIOS,CONTACTO,TELEFONO,ULTIMA REVISION,TIPO DE LUGAR,LATITUD,LONGITUD
MUJERES X LA DEMOCRACIA,Bogotá,Bogotá D.C.,Carrera 15 # 82 - 81 Edificio Alianza,UTENSILIOS DE COCINA,8:00,18:00,TODOS LOS DIAS,NO,LAURA HERRERA,3176793111,agosto 14,FUNDACION PRIVADA,4.668272,-74.056012
Cruz Roja - Samu Sur,Bogotá,Bogotá D.C.,Avenida Carrera 68 #31-41 sur,"Agua potable, alimentos no perecederos, cobijas, colchonetas, aseo personal",SIN DATO,SIN DATO,SIN DATO,NO,SIN DATO,SIN DATO,agosto 14,CRUZ ROJA,,
Cruz Roja - Samu Norte,Bogotá,Bogotá D.C.,Calle 134 - Carrera 7B Bis #132-31,"Agua potable, alimentos no perecederos, cobijas, colchonetas, aseo personal",SIN DATO,SIN DATO,SIN DATO,NO,SIN DATO,SIN DATO,agosto 14,CRUZ ROJA,,
Cruz Roja - Centro de Salvamento Acuático,Bogotá,Bogotá D.C.,Avenida La Esmeralda #63-81,"Agua potable, alimentos no perecederos, cobijas, colchonetas, aseo personal",SIN DATO,SIN DATO,SIN DATO,NO,SIN DATO,SIN DATO,agosto 14,CRUZ ROJA,,
Cruz Roja - Sede administrativa,Bogotá,Bogotá D.C.,Carrera 24 #73-38,"Agua potable, alimentos no perecederos, cobijas, colchonetas, aseo personal",SIN DATO,SIN DATO,SIN DATO,NO,SIN DATO,SIN DATO,agosto 14,CRUZ ROJA,4.664137,-74.06628
Cruz Roja - Bodega,Bogotá,Bogotá D.C.,Diagonal 79B #62-53,"Agua potable, alimentos no perecederos, cobijas, colchonetas, aseo personal",SIN DATO,SIN DATO,SIN DATO,NO,SIN DATO,SIN DATO,agosto 14,CRUZ ROJA,4.679696,-74.077273
Cruz Roja - Palacio de los Deportes,Bogotá,Bogotá D.C.,Calle 63 #59A-06,"Agua potable, alimentos no perecederos, cobijas, colchonetas, aseo personal",SIN DATO,SIN DATO,SIN DATO,NO,SIN DATO,SIN DATO,agosto 14,CRUZ ROJA,4.656045,-74.086044
Fundación Universitaria Juan N. Corpas,Bogotá,Bogotá D.C.,Carrera 111 No. 159A-61,"Alimentos no perecederos, aseo, colchonetas",8:00,14:00,SIN DATO,NO,SIN DATO,SIN DATO,agosto 14,HOSPITAL,,
Universidad Católica de Colombia,Bogotá,Bogotá D.C.,Diagonal 46A #15B-12,"Alimentos no perecederos, aseo, colchonetas",SIN DATO,SIN DATO,SIN DATO,NO,SIN DATO,SIN DATO,agosto 14,UNIVERSIDAD,4.634584,-74.068954
Fundación Universitaria Horizonte,Bogotá,Bogotá D.C.,Calle 69 #14-30,"Alimentos no perecederos, aseo, colchonetas",SIN DATO,SIN DATO,SIN DATO,NO,SIN DATO,SIN DATO,agosto 14,FUNDACION PRIVADA,4.656111,-74.06311
Plazoleta Jairo Varela,Cali,Valle del Cauca,Plazoleta Jairo Varela,"Agua, guantes de construcción, gafas de seguridad, cascos, colchonetas",SIN DATO,SIN DATO,SIN DATO,NO,SIN DATO,SIN DATO,agosto 14,ESPACIO PUBLICO,3.455020,-76.534800
Banco de Alimentos de Cali,Cali,Valle del Cauca,Calle 24 #6-103,"Alimentos no perecederos, agua embotellada, primeros auxilios",SIN DATO,SIN DATO,SIN DATO,NO,SIN DATO,SIN DATO,agosto 14,,,
Fundación Banco Arquidiocesano de Alimentos,Medellín,Antioquia,Carrera 52 #30A-97,"Alimentos no perecederos, aseo, colchonetas, ropa, mantas",SIN DATO,SIN DATO,SIN DATO,NO,SIN DATO,SIN DATO,agosto 14,FUNDACION PRIVADA,,
Fundación Saciar,Medellín,Antioquia,Carrera 50 #25-261,"Alimentos no perecederos, aseo, colchonetas, ropa, mantas",SIN DATO,SIN DATO,SIN DATO,NO,SIN DATO,SIN DATO,agosto 14,FUNDACION PRIVADA,,
Centro de acopio Barranquillita,Barranquilla,Atlántico,Carrera 43 #6-120,"Alimentos no perecederos, agua, insumos médicos, aseo, artículos para bebés, ropa, colchonetas",0:00,23:59,TODOS LOS DIAS,NO,SIN DATO,SIN DATO,agosto 14,,,
Canchas auxiliares - Bomberos Palogrande,Manizales,Caldas,Junto a la estación de Bomberos Palogrande,"Alimentos no perecederos, agua, aseo",,SIN DATO,SIN DATO,NO,SIN DATO,SIN DATO,agosto 14,OFICIAL,,
Hemocentro del Café,Manizales,Caldas,Hemocentro del Café,Donación de sangre (prioridad O+ y O-),,SIN DATO,SIN DATO,NO,SIN DATO,SIN DATO,agosto 14,CRUZ ROJA,5.051628,-75.482498
Café Consota,Pereira,Risaralda,Mz 7 y Mz 8 Villa Consota Cuba,"Ropa en buen estado, aseo personal, cobijas, colchonetas, comida para perros y gatos",SIN DATO,SIN DATO,SIN DATO,NO,SIN DATO,SIN DATO,agosto 14,SEDE COMUNITARIA,4.809147,-75.722029
Café Perla del Otún,Pereira,Risaralda,Diagonal a la iglesia de los 2.500 lotes,"Ropa en buen estado, aseo personal, cobijas, colchonetas, comida para perros y gatos",SIN DATO,SIN DATO,SIN DATO,NO,SIN DATO,SIN DATO,agosto 14,SEDE COMUNITARIA,,
Café El Remanso,Pereira,Risaralda,"Avenida principal barrio El Remanso, al lado del centro de salud","Ropa en buen estado, aseo personal, cobijas, colchonetas, comida para perros y gatos",SIN DATO,SIN DATO,SIN DATO,NO,SIN DATO,SIN DATO,agosto 14,SEDE COMUNITARIA,,
Café Kennedy,Pereira,Risaralda,Parque principal de Kennedy,"Ropa en buen estado, aseo personal, cobijas, colchonetas, comida para perros y gatos",SIN DATO,SIN DATO,SIN DATO,NO,SIN DATO,SIN DATO,agosto 14,SEDE COMUNITARIA,,
Café Ormanza,Pereira,Risaralda,Calle 3 bis # 5-38 avenida del Río,"Ropa en buen estado, aseo personal, cobijas, colchonetas, comida para perros y gatos",SIN DATO,SIN DATO,SIN DATO,NO,SIN DATO,SIN DATO,agosto 14,SEDE COMUNITARIA,,
Café San Nicolás,Pereira,Risaralda,Carrera 14 bis # 28-38 antigua estación de Policía,"Ropa en buen estado, aseo personal, cobijas, colchonetas, comida para perros y gatos",SIN DATO,SIN DATO,SIN DATO,NO,SIN DATO,SIN DATO,agosto 14,SEDE COMUNITARIA,,
Café Comuna del Café,Pereira,Risaralda,Carrera 3 calle 59 A sector A Parque Industrial,"Ropa en buen estado, aseo personal, cobijas, colchonetas, comida para perros y gatos",SIN DATO,SIN DATO,SIN DATO,NO,SIN DATO,SIN DATO,agosto 14,SEDE COMUNITARIA,4.822379,-75.731994
Coliseo de Hockey Miguel Calero,Cali,Valle del Cauca,Coliseo de Hockey Miguel Calero,"Guantes de construcción, gafas de seguridad, cascos, agua, colchonetas",SIN DATO,SIN DATO,SIN DATO,NO,SIN DATO,SIN DATO,agosto 14,ESPACIO PUBLICO,,
Banco de sangre Hospital Universitario del Valle,Cali,Valle del Cauca,Calle 5 # 36-08 (urgencias HUV),Donación de sangre,8:00,18:00,TODOS LOS DIAS,NO,SIN DATO,SIN DATO,agosto 14,HOSPITAL,,
Banco de sangre Hemolife,Cali,Valle del Cauca,Calle 38 N # 3N-21 Prados del Norte,Donación de sangre,8:00,18:00,TODOS LOS DIAS,NO,SIN DATO,SIN DATO,agosto 14,HOSPITAL,,
Banco de sangre Cruz Roja Valle,Cali,Valle del Cauca,Carrera 38 bis # 5B San Fernando (parqueadero Cruz Roja),Donación de sangre,8:00,18:00,TODOS LOS DIAS,NO,SIN DATO,SIN DATO,agosto 14,CRUZ ROJA,,
Banco de sangre Fundación Valle del Lili,Cali,Valle del Cauca,Sede principal torre 2 piso 4,Donación de sangre,8:00,18:00,TODOS LOS DIAS,NO,SIN DATO,SIN DATO,agosto 14,HOSPITAL,,
Banco de sangre Imbanaco,Cali,Valle del Cauca,Carrera 38 bis # 5B2-04 Santa Isabel,Donación de sangre,8:00,18:00,TODOS LOS DIAS,NO,SIN DATO,SIN DATO,agosto 14,HOSPITAL,,
Cruz Roja - Universidad Jorge Tadeo Lozano,Bogotá,Bogotá D.C.,Carrera 4 # 22-61,"Agua potable, alimentos no perecederos, cobijas, colchonetas, aseo personal",SIN DATO,SIN DATO,SIN DATO,NO,SIN DATO,SIN DATO,agosto 14,CRUZ ROJA,,
Cruz Roja - Usaquén,Bogotá,Bogotá D.C.,Calle 161A # 7F-55,"Agua potable, alimentos no perecederos, cobijas, colchonetas, aseo personal",SIN DATO,SIN DATO,SIN DATO,NO,SIN DATO,SIN DATO,agosto 14,CRUZ ROJA,4.737135,-74.025925
Cruz Roja - Centro Comercial Unicentro,Bogotá,Bogotá D.C.,Carrera 15 # 124-30,"Agua potable, alimentos no perecederos, cobijas, colchonetas, aseo personal",SIN DATO,SIN DATO,SIN DATO,NO,SIN DATO,SIN DATO,agosto 14,CRUZ ROJA,4.702752,-74.042681
Banco de Alimentos de Bogotá,Bogotá,Bogotá D.C.,Calle 19A # 32-50,"Alimentos no perecederos, aseo",SIN DATO,SIN DATO,SIN DATO,NO,SIN DATO,SIN DATO,agosto 14,BANCO DE ALIMENTOS,4.620895,-74.089714
Hall principal Alcaldía de Medellín,Medellín,Antioquia,Hall principal de la Alcaldía de Medellín,"Alimentos no perecederos, kits de aseo. NO reciben medicamentos, ropa ni productos vencidos",SIN DATO,SIN DATO,SIN DATO,NO,SIN DATO,SIN DATO,agosto 14,ENTIDAD PUBLICA,,
Terminal del Norte,Medellín,Antioquia,Terminal del Norte local 9840,"Alimentos no perecederos, kits de aseo. NO reciben medicamentos, ropa ni productos vencidos",SIN DATO,SIN DATO,SIN DATO,NO,SIN DATO,SIN DATO,agosto 14,PRIVADO,6.279235,-75.570756
Placa cubierta Universidad EAFIT,Medellín,Antioquia,Placa cubierta de la Universidad EAFIT,"Alimentos no perecederos, kits de aseo. NO reciben medicamentos, ropa ni productos vencidos",SIN DATO,SIN DATO,SIN DATO,NO,SIN DATO,SIN DATO,agosto 14,UNIVERSIDAD,,
Biblioteca Pública El Poblado,Medellín,Antioquia,Biblioteca Pública El Poblado,"Alimentos no perecederos, kits de aseo. NO reciben medicamentos, ropa ni productos vencidos",SIN DATO,SIN DATO,SIN DATO,NO,SIN DATO,SIN DATO,agosto 14,ESPACIO PUBLICO,,
Gobernación de Santander,Bucaramanga,Santander,Gobernación de Santander,"Alimentos no perecederos, colchonetas, frazadas, agua, comida para mascotas",8:00,17:00,L-V,NO,SIN DATO,SIN DATO,agosto 14,ENTIDAD PUBLICA,7.116195,-73.12975
Sede Pacto Histórico,Bogotá,Bogotá D.C.,Carrera 17a #37-29,"Colchonetas, frazadas, agua, picas, palas, materiales de construcción",7:00,19:00,TODOS LOS DIAS,NO,SIN DATO,SIN DATO,agosto 14,PARTIDO POLITICO,4.626462,-74.071942
Sede Colombia Humana,Bogotá,Bogotá D.C.,Transversal 17a bis #36.74,"Colchonetas, frazadas, agua, picas, palas, materiales de construcción",7:00,19:00,TODOS LOS DIAS,NO,SIN DATO,SIN DATO,agosto 14,PARTIDO POLITICO,,
Universidad Jorge Tadeo Lozano,Bogotá,Bogotá D.C.,Carrera 4 #23 - 46,"Kits de hábitat:Cobijas sencillas, Juegos de sábanas, Colchonetas sencillas, Almohadas, Toldillos Elementos de higiene personal: Cepillos de dientes para adultos y niños, Crema dental, Jabón de baño y para lavar ropa, Toallas higiénicas, Papel higiénico, Protector solar, Pañales desechables, Máquinas de afeitar.",8:00,20:00,TODOS LOS DIAS,NO,SIN DATO,SIN DATO,agosto 14,UNIVERSIDAD,4.606942,-74.067926
Estadio el Campín,Bogotá,Bogotá D.C.,Avenida Carrera 30 #53b-26,"Cobijas sencillas, Juegos de sábanas, Colchonetas sencillas, Almohadas, Toldillos Elementos de higiene personal: Cepillos de dientes para adultos y niños, Crema dental, Jabón de baño y para lavar ropa, Toallas higiénicas, Papel higiénico, Protector solar, Pañales desechables, Máquinas de afeitar.",8:00,20:00,TODOS LOS DIAS,NO,SIN DATO,SIN DATO,agosto 14,ENTIDAD PUBLICA,4.64595,-74.077605
Centro Comercial Unicentro,Bogotá,Bogotá D.C.,Carrera 15 # 124-30,"Cobijas sencillas, Juegos de sábanas, Colchonetas sencillas, Almohadas, Toldillos Elementos de higiene personal: Cepillos de dientes para adultos y niños, Crema dental, Jabón de baño y para lavar ropa, Toallas higiénicas, Papel higiénico, Protector solar, Pañales desechables, Máquinas de afeitar.",8:00,20:00,TODOS LOS DIAS,NO,SIN DATO,SIN DATO,agosto 14,CENTRO COMERCIAL,4.702752,-74.042681
Centro Limonar del Patio,Fusagasugá,Cundinamarca,Calle8b #3 41,"Cascos,Guantes de Carnaza, Tapabocas, Gafas de Seguridad, Botas, picos, palas, alimentos no perecederos, cintas de señalización, cobijas, juegos de sábanas, colchonetas, alimentos no perecederos",14:00,18:00,JUEVES Y VIERNES,NO,SIN DATO,SIN DATO,agosto 14,CENTRO COMERCIAL,,
Empresa de Licores Cundinamarca,Siberia,Cundinamarca,"Autopista Medellín, km 3,8, vía Siberia–Cota","Cascos,Guantes de Carnaza, Tapabocas, Gafas de Seguridad, Botas, picos, palas, alimentos no perecederos, cintas de señalización, cobijas, juegos de sábanas, colchonetas, alimentos no perecederos",7:30,16:00,L-V,NO,SIN DATO,SIN DATO,agosto 14,PRIVADO,,
Alcaldia de Chía,Chía ,Cundinamarca,Carrera 9 # 11 - 24,"Cobijas sencillas, Juegos de sábanas, Colchonetas sencillas, Almohadas, Toldillos Elementos de higiene personal: Cepillos de dientes para adultos y niños, Crema dental, Jabón de baño y para lavar ropa, Toallas higiénicas, Papel higiénico, Protector solar, Pañales desechables, Máquinas de afeitar.",,,SIN DATO,NO,SIN DATO,SIN DATO,agosto 14,ENTIDAD PUBLICA,4.86143,-74.060823
122 PLAZA APARTAHOTEL,Bogotá,Bogotá D.C.,Carrera 15 a # 122-27,Reciben 24h · Agua · leche de fórmula para bebés · Granos · Desechables · Compotas no de vidrio · Pañales para niños · Pañales para adultos · Shampoo · Deshodorabte · Harinas · Pasta · Enlatados ·…,9:00 AM,9:00 PM,SIN DATO,NO,SIN DATO,SIN DATO,agosto 14,PRIVADO,4.701202,-74.043812
AFNEMO,Bogotá,Bogotá D.C.,Carrera 11 # 18a-28 Sur. B. Ciudad Jardín Bogotá Reserva,SIN DATO,SIN DATO,Desde las 3pm,SIN DATO,NO,SIN DATO,SIN DATO,agosto 14,SIN DATO,,
ALCALDÍA LOCAL CHAPINERO,Bogotá,Bogotá D.C.,Kr 13 #54-74,SIN DATO,SIN DATO,SIN DATO,SIN DATO,NO,SIN DATO,SIN DATO,agosto 14,ENTIDAD PUBLICA,4.642083,-74.064872
ALQUERÍA CENTRO DE ACOPIO TROPICANA,Bogotá,Bogotá D.C.,Calle 38a sur #52-37,SIN DATO,SIN DATO,SIN DATO,SIN DATO,NO,SIN DATO,3203112774,agosto 14,PRIVADO,4.601223,-74.130931
Ávila Gourmet - CEDRITOS,Bogotá,Bogotá D.C.,CR 17 # 141 - 05,SIN DATO,9:00 AM,4:00 PM,SIN DATO,NO,SIN DATO,SIN DATO,agosto 14,SIN DATO,4.723006,-74.043763
C.C GRAN PLAZA - BOSA,Bogotá,Bogotá D.C.,Cl. 65 Sur #78H -51,SIN DATO,SIN DATO,hasta las 8:00 pm,SIN DATO,NO,SIN DATO,SIN DATO,agosto 14,CENTRO COMERCIAL,4.605002,-74.183788
C.C MULTIPLAZA,Bogotá,Bogotá D.C.,Calle 19A # 72-57,2:00 p.m. a 9:00 p.m. · aceite · sal · azúcar · panela o café · chocolate · shampoo · jabón · pañales adulto y bebé · leche en polvo · medicinas · analgésicos · antigripales · diabéticos · comida…,2:00 PM,9:00 PM,SIN DATO,NO,SIN DATO,SIN DATO,agosto 14,CENTRO COMERCIAL,4.653313,-74.124965
C.C NUESTRO BOGOTÁ,Bogotá,Bogotá D.C.,CARRERA 86 #55A-75,Objetivo: Ítems de *mayor necesidad ahora mismo SOBRE TODO MEDICINAS Y KITS DE HABITAT:,2:00 PM,7:00 PM,SIN DATO,NO,SIN DATO,3218686079,agosto 14,CENTRO COMERCIAL,4.683848,-74.115067
Calle 116#71A 49,Bogotá,Bogotá D.C.,Calle 116#71A 49,"Alimentos no perecederos, elementos de construcción, medicamentos, cobijas, colchones, agua",SIN DATO,hasta las 9:00 pm,SIN DATO,NO,SIN DATO,SIN DATO,agosto 14,SIN DATO,4.699763,-74.078423
Calle 94a # 11-27 OF 204,Bogotá,Bogotá D.C.,Calle 94a # 11-27 OF 204,"Alimentos no perecederos, elementos de construcción, medicamentos, cobijas, colchones",SIN DATO,SIN DATO,SIN DATO,NO,SIN DATO,SIN DATO,agosto 14,SIN DATO,4.664281,-74.022554
CAMIÓN CRA 14 # 83,Bogotá,Bogotá D.C.,CRA 14#83-53,SIN DATO,3:00 PM,9:00 PM,SIN DATO,NO,SIN DATO,SIN DATO,agosto 14,SIN DATO,4.668674,-74.054839
Cantón de caballería,Bogotá,Bogotá,Cra 7 # 106-10,"Medicamentos, carpas, colchonetas, cobijas, y alimentos",SIN DATO,SIN DATO,SIN DATO,NO,SIN DATO,SIN DATO,agosto 14,EJÉRCITO,4.493725,-74.115885
CARACOL RADIO,Bogotá,Bogotá D.C.,Calle 67 # 7,SIN DATO,SIN DATO,SIN DATO,SIN DATO,NO,SIN DATO,SIN DATO,agosto 14,PRIVADO,4.650797,-74.058491
CARRERA 13A #101-74,Bogotá,Bogotá D.C.,APTO 404,SIN DATO,SIN DATO,SIN DATO,SIN DATO,NO,SIN DATO,SIN DATO,agosto 14,PRIVADO,,
CARRERA 14B #106-75,Bogotá,Bogotá D.C.,CARRERA 14B #106-75,SIN DATO,SIN DATO,SIN DATO,SIN DATO,NO,SIN DATO,SIN DATO,agosto 14,PRIVADO,4.691161,-74.044502
CARRERA 52C #43-45 SUR,Bogotá,Bogotá D.C.,CARRERA 57R SUR #73i-35 SUR,SIN DATO,SIN DATO,SIN DATO,SIN DATO,NO,SIN DATO,SIN DATO,agosto 14,SIN DATO,,
Carulla 85 - somos.70veces7,Bogotá,Bogotá D.C.,Ac 85 #15-23,"1. Medicamentos y Material Médico · Losartan · Amlodipino · Dexametasona · Amoxicilina · Acetaminofén · Aspirina · Naproxeno · Atorvastatina · Lidocaína · Insulina · Antiinflamatorios · Gasas,…",SIN DATO,viernes 14 5pm a 9pm · Y lunes 17 de 3pm a 8pm,SIN DATO,NO,SIN DATO,SIN DATO,agosto 14,SIN DATO,4.669805,-74.055748
CASA AZUL,Bogotá,Bogotá D.C.,CARRERA 20 #45A- 33,SIN DATO,10:00 AM,7:00 PM,SIN DATO,NO,SIN DATO,SIN DATO,agosto 14,SIN DATO,4.634274,-74.072564
CASA DE LA MEMORIA USAQUÉN,Bogotá,Bogotá D.C.,CALLE 161a #7 F 55,"No se necesita agua · Se siguen recibiendo donaciones de mercado e implementos de aseo personal de todo tipo 🛒: · Herramientas de mano, botas de trabajo, linternas, pilas, cascos, guantes de carnaza,…",8:00 AM,1:00 PM,SIN DATO,NO,SIN DATO,3108514846,agosto 14,SIN DATO,4.737135,-74.025925
CASA MAFAPO,Bogotá,Bogotá D.C.,Cra 21 #58-56,SIN DATO,SIN DATO,SIN DATO,SIN DATO,NO,SIN DATO,SIN DATO,agosto 14,SIN DATO,4.646343,-74.070996
CASA PCN,Bogotá,Bogotá D.C.,Cl. 12d #1a-10,"Hoy hasta las 6pm y mañana de 9am-6pm · NECESITAN · Bolsa industrial paquetes de 10 · Gotas para los ojos hidratantes y antibióticas · Loratadina, cetirizina, gasa, micropore, vendas, isodine,…",9:00 AM,6:00 PM,SIN DATO,NO,SIN DATO,SIN DATO,agosto 14,SIN DATO,,
C.C. Gran Estación,Bogotá,Bogotá D.C.,"Calle 26 #62-47, Bogotá D.C",SIN DATO,SIN DATO,Viernes 14 DE 7:00PM,SIN DATO,NO,SIN DATO,SIN DATO,agosto 14,CENTRO COMERCIAL,4.645470,-74.103370
CC PLAZA IMPERIAL - SUBA,Bogotá,Bogotá D.C.,Cra. 104 #148 - 07,SIN DATO,8:00 AM,22:00,SIN DATO,NO,SIN DATO,SIN DATO,agosto 14,CENTRO COMERCIAL,4.748592,-74.095368
Colombia cuida a Colombia,Bogotá,Bogotá D.C.,Carrera 15 # 82-81,SIN DATO,SIN DATO,18:00,SIN DATO,NO,SIN DATO,SIN DATO,agosto 14,FUNDACIÓN,4.668272,-74.056012
COMPENSAR CRA 60,Bogotá,Bogotá D.C.,Carrera 60 #66 B - 05,"🧼 Kits de aseo para adultos, niños y bebés · 👶 Pañales y pañitos húmedos · 🥫 Alimentos no perecederos · 🐶🐱 Comida para animales · 📦 Si pueden, por favor lleven las donaciones en cajas para facilitar…",SIN DATO,18:00,SIN DATO,NO,SIN DATO,SIN DATO,agosto 14,PRIVADO,4.66829,-74.084358
CRIC,Bogotá,Bogotá D.C.,Calle 12f #2-75,SIN DATO,SIN DATO,SIN DATO,SIN DATO,NO,SIN DATO,SIN DATO,agosto 14,SIN DATO,4.600135,-74.068649
EDUCAMBIO,Bogotá,Bogotá D.C.,"Casa 54, 79B-40",SIN DATO,SIN DATO,SIN DATO,SIN DATO,NO,SIN DATO,SIN DATO,agosto 14,SIN DATO,,
ESCUELA DE CABALLERÍA,Bogotá,Bogotá D.C.,CRA 7 # 106-10,Hasta las 8pm,SIN DATO,hasta las 10:00 pm,SIN DATO,NO,SIN DATO,SIN DATO,agosto 14,EJÉRCITO,4.493725,-74.115885
Espacio en Blanco (Frecuencias que ayudan),Bogotá,Bogotá D.C.,"Cl. 48 #6 - 14, Chapinero, Bogotá",SIN DATO,4:00 PM,12:00 PM,SIN DATO,NO,SIN DATO,3022040758,agosto 14,PRIVADO,4.634628,-74.063323
FUNDACIÓN CATALINA MUÑOZ,Bogotá,Bogotá D.C.,DIAGONAL 48#19-16,SIN DATO,8:00 AM,5:00 PM,SIN DATO,NO,SIN DATO,3167446507,agosto 14,FUNDACIÓN,4.636775,-74.071744
FUNDACIÓN EL COMBO,Bogotá,Bogotá D.C.,CARRERA 98 # 156C-10,SIN DATO,SIN DATO,8:00am-5:00pm hasta el lunes 17 de agosto · Cambian turnos cada hora,SIN DATO,NO,SIN DATO,SIN DATO,agosto 14,FUNDACIÓN,4.755612,-74.085016
FUNDACIÓN TRANSFORMANDO VIDAS CRA 104,Bogotá,Bogotá D.C.,Cra 104 # 16-28,SIN DATO,SIN DATO,3PM,SIN DATO,NO,SIN DATO,SIN DATO,agosto 14,FUNDACIÓN,4.671401,-74.151562
FUNDACIÓN TRANSFORMANDO VIDAS CRA 80 - JAC CALARCÁ,Bogotá,Bogotá D.C.,CARRERA 80A #49-08SUR,SIN DATO,SIN DATO,hasta las 10:00 pm,SIN DATO,SI,SIN DATO,3228567540,agosto 14,FUNDACIÓN,4.618697,-74.170425
GALERÍA ABORIGEN,Bogotá,Bogotá D.C.,CARRERA 6A # 116-17,SIN DATO,SIN DATO,21:00,SIN DATO,NO,SIN DATO,SIN DATO,agosto 14,SIN DATO,4.69369,-74.032104
Kennedy barrio Calarcá JAC Pastranita,Bogotá,Bogotá D.C.,Cra 80a #49-08,Ellos harán recepción de insumos hasta el día DOMINGO De 10am a 7pm aproximadamente Hacen falta donaciones en: · ASEO: · *Toallas de cuerpo · *Shampoo y peinillas · *Desodorantes · *Pañales para…,SIN DATO,SIN DATO,SIN DATO,NO,SIN DATO,SIN DATO,agosto 14,SEDE COMUNITARIA,4.618697,-74.170425
La campiña SUBA,Bogotá,Bogotá D.C.,Calle 140B # 96-60,Van a Buenaventura,SIN DATO,21:00,SIN DATO,SI,SIN DATO,SIN DATO,agosto 14,SIN DATO,4.74041,-74.089886
MATCHACHÁ Y AMARÍA HAIRSPA,Bogotá,Bogotá D.C.,CALLE 80#9-25,SIN DATO,8:00,12:00,SIN DATO,NO,SIN DATO,SIN DATO,agosto 14,SIN DATO,4.663223,-74.052542
MINUTO DE DIOS,Bogotá,Bogotá D.C.,Carrera 73A n.º 81B – 70,SIN DATO,8:00 AM,4:00 PM,SIN DATO,NO,SIN DATO,SIN DATO,agosto 14,SIN DATO,4.69706,-74.092225
PALACIO DE LOS DEPORTES,Bogotá,Bogotá D.C.,calle 63 #59A-06,"Se necesitan MUCHAS donaciones de todo tipo, para comunidades indígenas del Chocó. se reciben hasta las 10 pm",SIN DATO,SIN DATO,SIN DATO,NO,SIN DATO,SIN DATO,agosto 14,SIN DATO,4.656045,-74.086044
PARKWAY,Bogotá,Bogotá D.C.,Cra 24#39-29,SIN DATO,SIN DATO,SIN DATO,SIN DATO,NO,SIN DATO,SIN DATO,agosto 14,PARQUE,4.580936,-74.120991
PARQUE DE LOS HIPPIES,Bogotá,Bogotá D.C.,Ac 63 #59A - 06,Aseo · - Papel higiénico · - toallas higiénicas · - Desodorante · - Shampo en sobre · - Pañales · - pañitos · - jabón de cuerpo · Alimentos no perecederos y se está recibiendo comida de perritos y…,SIN DATO,A PARTIR DE LA 1,SIN DATO,NO,SIN DATO,SIN DATO,agosto 14,PARQUE,4.656045,-74.086044
PARQUE LA COLINA,Bogotá,Bogotá D.C.,Cra. 58d #146-51,SIN DATO,SIN DATO,hasta las 9:00 pm,SIN DATO,SI,SIN DATO,SIN DATO,agosto 14,CENTRO COMERCIAL,4.732516,-74.065487
POWER THE MOV,Bogotá,Bogotá D.C.,CRA 7#61-38,SIN DATO,SIN DATO,SIN DATO,SIN DATO,NO,SIN DATO,3192966242,agosto 14,SIN DATO,4.646584,-74.060268
PUNTO CAMILO TRIANA,Bogotá,Bogotá D.C.,EDS TERPEL Av Boyacá 77a - 11,SIN DATO,SIN DATO,SIN DATO,SIN DATO,NO,SIN DATO,SIN DATO,agosto 14,SIN DATO,,
SOS JUNTOS POR EL CHOCÓ Calle 127c,Bogotá,Bogotá D.C.,Calle 127c #49-05,SIN DATO,8:00 AM,6:00 PM,SIN DATO,NO,SIN DATO,SIN DATO,agosto 14,SIN DATO,4.711231,-74.056986
SOS JUNTOS POR EL CHOCÓ Cra 22,Bogotá,Bogotá D.C.,Cra 22 #23-46,SIN DATO,8:00 AM,6:00 PM,SIN DATO,NO,SIN DATO,SIN DATO,agosto 14,SIN DATO,,
SOS JUNTOS POR EL CHOCÓ Cra 29,Bogotá,Bogotá D.C.,Cra 29 #39-92,SIN DATO,8:00 AM,6:00 PM,SIN DATO,NO,SIN DATO,SIN DATO,agosto 14,SIN DATO,4.628716,-74.079162
TEATRO DE GARAJE,Bogotá,Bogotá D.C.,Carrera 10 # 54A-27,SIN DATO,SIN DATO,Desde la 1pm,SIN DATO,NO,SIN DATO,SIN DATO,agosto 14,SIN DATO,4.641285,-74.063884
THE SPOT PARK,Bogotá,Bogotá D.C.,CARRERA 13A #37-68,SIN DATO,SIN DATO,SIN DATO,SIN DATO,NO,SIN DATO,SIN DATO,agosto 14,SIN DATO,,
UNIVERSIDAD NACIONAL - CAPILLA,Bogotá,Bogotá D.C.,Universidad Nacional,SIN DATO,SIN DATO,SIN DATO,SIN DATO,NO,SIN DATO,SIN DATO,agosto 14,UNIVERSIDAD,,
UNIAGRARIA,Bogotá,Bogotá D.C.,CALLE 170 #54A - 10 SALA DE JUNTAS BLOQUE C,"KITS DE HIGIENE PERSONAL, KITS DE HABITAT (COBIJAS, SABANAS, COLCHONETAS SENCILLA, ALMOHADA, TOLDILLOS) MASCOTAS ( CONCENTRADO, ALIMENTO HUMEDO, SNACKS, MEDICAMENTOS, GUACALES)",SIN DATO,SIN DATO,SIN DATO,NO,SIN DATO,SIN DATO,agosto 14,SIN DATO,4.753377,-74.053501
UNICENTRO,Bogotá,Bogotá D.C.,CARRERA15 #124-30,"🚨 ÚLTIMA HORA - Información Acopio Unicentro, Bogotá. (9 am - 6 pm) · Actualización: 1:55 pm, agosto 14. · ⛑️ El equipo médico acaba de confirmar la total excases de medicamento MUY necesarios para…",9:00 AM,9:00 PM,SIN DATO,NO,SIN DATO,3106486849,agosto 14,CENTRO COMERCIAL,4.702752,-74.042681
UNIVERSIDAD COOPERATIVA,Bogotá,Bogotá D.C.,CARRERA 9 # 172-90,SIN DATO,SIN DATO,SIN DATO,SIN DATO,NO,SIN DATO,SIN DATO,agosto 14,UNIVERSIDAD,4.750478,-74.031561
UNIVERSIDAD DISTRITAL BOSA,Bogotá,Bogotá D.C.,Calle 52 Sur # 93D - 97,SIN DATO,SIN DATO,SIN DATO,SIN DATO,NO,SIN DATO,SIN DATO,agosto 14,UNIVERSIDAD,4.638187,-74.185829
VIVE CLARO,Bogotá,Bogotá D.C.,CARRERA 60 #42-41,SIN DATO,SIN DATO,Viernes 14 y sábado 15 desde medio día,SIN DATO,NO,SIN DATO,3162733960,agosto 14,PRIVADO,4.652710,-74.096670
Cuerpo Bomberos Mosquera,Mosquera,Cundinamarca,"Calle 2 # 5E-36, Mosquera",SIN DATO,SIN DATO,Desde 4:30pm,SIN DATO,NO,SIN DATO,SIN DATO,agosto 14,BOMBEROS,,
Cuerpo de Bomberos Cajicá,Cajicá,Cundinamarca,Transversal 5A N° 3-140 Sur,SIN DATO,8:00 AM,5:00 PM,SIN DATO,NO,SIN DATO,SIN DATO,agosto 14,BOMBEROS,,
FUNZA Interpark -,Funza,Cundinamarca,"Parque industrial interpark kilometro 6,5 autopista Medellín - cundinamarca · https://share.google/MJBcbrilI3AACcMZV",SIN DATO,SIN DATO,YA MISMO,SIN DATO,NO,SIN DATO,3173088779,agosto 14,PRIVADO,,
JIT LOGISTIC - FUNDACIÓN TAAP,Mosquera,Cundinamarca,Mosquera Cundinamarca KM 1.5 VIA Bogotá,SIN DATO,9:00 AM,4:00 PM,SIN DATO,NO,SIN DATO,SIN DATO,agosto 14,FUNDACIÓN,,
Club rotario Itagüí,Itagüí,Antioquia,Club rotario Itagüí,Agua · Comida · Guantes de obra · Gafas de seguridad · Tapabocas · Linternas · Palas · Porras · Barras de demolición · Percutores · Discos de pulidora · Cinceles · Seguetas · Baldes · Costales · Cinta,SIN DATO,SIN DATO,SIN DATO,NO,SIN DATO,SIN DATO,agosto 14,PUNTO DE ACOPIO,6.168732,-75.612305
7 MESAS - CARRERA 81 #33AA-08,Medellín,Antioquia,7 MESAS - CARRERA 81 #33AA-08,Agua · Comida · Guantes de obra · Gafas de seguridad · Linternas · Palas · Picas · Percutores · Porras · Barras de demolición · Cinceles · Seguetas · Baldes · Costales · Cintas de seguridad · Colchone,SIN DATO,SIN DATO,SIN DATO,SI,SIN DATO,SIN DATO,agosto 14,PUNTO DE ACOPIO,6.240166,-75.603023
Bodega punto de ACOPIO y recoleccion,Medellín,Antioquia,calle 14 #52a-304 cerca al olaya herrera,alimentos no perecederos · medicamentos,SIN DATO,SIN DATO,SIN DATO,NO,SIN DATO,SIN DATO,agosto 14,PUNTO DE ACOPIO,6.218844,-75.584511
CALLE 7SUR #51A-02 GUAYABAL,Medellín,Antioquia,CALLE 7SUR #51A-02 GUAYABAL,Agua · Comida · Guantes de obra · Gafas de seguridad · Tapabocas · Linternas · Palas · Picas · Discos de pulidora · Percutores · Barras de demolición · Porras · Cinceles · Seguetas · Baldes · Costales,SIN DATO,SIN DATO,SIN DATO,NO,SIN DATO,SIN DATO,agosto 14,PUNTO DE ACOPIO,6.202439,-75.586013
CANCHA SOCCER Y PADEL cola del zorro,Medellín,Antioquia,CANCHA SOCCER Y PADEL cola del zorro,Agua · Comida · Guantes de obra · Gafas de seguridad · Tapabocas · Linternas · Palas · Picas · Porras · Barras de demolición · Percutores · Discos de pulidora · Cinceles · Seguetas · Baldes · Costales,SIN DATO,SIN DATO,SIN DATO,NO,SIN DATO,SIN DATO,agosto 14,PUNTO DE ACOPIO,6.207775,-75.550318
Corporacion trasescena carrera 40 #47-65,Medellín,Antioquia,Corporacion trasescena carrera 40 #47-65,Voluntarios · Guantes de obra · Gafas de seguridad · Tapabocas · Linternas · Palas · Picas · Porras · Barras de demolición · Percutores · Discos de pulidora · Cinceles · Seguetas · Baldes · Costales ·,SIN DATO,SIN DATO,SIN DATO,NO,SIN DATO,SIN DATO,agosto 14,PUNTO DE ACOPIO,6.243704,-75.561723
edificio porton del laurel carera 80 #34b-30 apto 601,Medellín,Antioquia,edificio porton del laurel carera 80 #34b-30 apto 601,Guantes de obra · Gafas de seguridad · Tapabocas · Linternas · Cintas de seguridad · Electrolitos · Botiquín · Tapers · Carpas · Colchonetas · Pañales · Comida para animales,SIN DATO,SIN DATO,SIN DATO,NO,SIN DATO,SIN DATO,agosto 14,PUNTO DE ACOPIO,6.240725,-75.602735
Inversiones acosta S.A.S,Medellín,Antioquia,calle 30a #72a 60,Linternas · Botiquín · Electrolitos · Tapers · Pañales · Comida para animales · Guantes de obra · Gafas de seguridad · Tapabocas · Cintas de seguridad · Colchonetas · Carpas · implementos de cocina,SIN DATO,SIN DATO,SIN DATO,NO,SIN DATO,SIN DATO,agosto 14,PUNTO DE ACOPIO,6.232326,-75.593429
LATIN LOVER,Medellín,Antioquia,Tienda LATIN LOVER carrera 32d #9-29,Guantes de obra · Gafas de seguridad · Tapabocas · Linternas · Palas · Picas · Porras · Barras de demolición · Percutores · Discos de pulidora · Cinceles · Seguetas · Baldes · Costales · Cintas de seg,SIN DATO,SIN DATO,SIN DATO,NO,SIN DATO,SIN DATO,agosto 14,PUNTO DE ACOPIO,6.207778,-75.564131
MISHKA CALLE 29 #79A-62,Medellín,Antioquia,MISHKA CALLE 29 #79A-62,Agua · Comida · Guantes de obra · Gafas de seguridad · Tapabocas · Linternas · Tapers · Botiquín · Electrolitos · Pañales · Comida para animales · Cintas de seguridad · MATERAIL PARA EMPACAR DONACIONE,SIN DATO,SIN DATO,SIN DATO,NO,SIN DATO,SIN DATO,agosto 14,PUNTO DE ACOPIO,6.230682,-75.60026
prado centro calle 65 #50b-24,Medellín,Antioquia,prado centro calle 65 #50b-24,Agua · Comida · Guantes de obra · Gafas de seguridad · Tapabocas · Linternas · Cintas de seguridad · Electrolitos · Botiquín · Tapers · Carpas · Pañales · Comida para animales · Comida para bebes.,SIN DATO,SIN DATO,SIN DATO,NO,SIN DATO,SIN DATO,agosto 14,PUNTO DE ACOPIO,6.262048,-75.562291
SON OF SON,Medellín,Antioquia,son of son calle 10d #30a-115,Guantes de obra · Gafas de seguridad · Tapabocas · Linternas · Palas · Picas · Discos de pulidora · Percutores · Barras de demolición · Porras · Cinceles · Seguetas · Baldes · Costales · Cintas de seg,SIN DATO,SIN DATO,SIN DATO,NO,SIN DATO,SIN DATO,agosto 14,PUNTO DE ACOPIO,6.210811,-75.560786
BOG - Calle 116 #71A 49,Bogotá,Bogotá D.C.,Calle 116 #71A 49,Comida para animales · Pañales · Colchonetas · Botiquín · Tapers · Electrolitos · Carpas · Cintas de seguridad · Baldes · Costales · Seguetas · Cinceles · Discos de pulidora · Percutores · Barras de d,SIN DATO,SIN DATO,SIN DATO,SI,SIN DATO,SIN DATO,agosto 14,PUNTO DE ACOPIO,4.699892,-74.078504
BOG - Vive Claro puerta 10,Bogotá,Bogotá D.C.,SIN DATO,Linternas · Palas · Picas · Porras · Botiquín · Pañales · Comida para animales · Comida · Medicamentos,SIN DATO,SIN DATO,SIN DATO,NO,SIN DATO,SIN DATO,agosto 14,PUNTO DE ACOPIO,4.649151,-74.097553
Carulla Calle 85 - Unidos por Colombia,Bogotá,Bogotá D.C.,Ac 85 #15-23,SIN DATO,SIN DATO,SIN DATO,SIN DATO,NO,SIN DATO,3007767779,agosto 14,PUNTO DE ACOPIO,4.671322,-74.057691
Cra. 28a #78 - 50,Bogotá,Bogotá D.C.,Cra. 28a #78 - 50,Agua · Comida · Guantes de obra · Gafas de seguridad · Tapabocas · Linternas · Electrolitos · Botiquín · Pañales · Comida para animales,SIN DATO,SIN DATO,SIN DATO,NO,SIN DATO,SIN DATO,agosto 14,PUNTO DE ACOPIO,4.67017,-74.066113
Cruz Roja - Avenida Carrera 24 #73-83,Bogotá,Bogotá D.C.,Avenida Carrera 24 #73-83,Agua · Comida · Pañales · Colchonetas · Comida para animales · Botiquín · Gafas de seguridad · Guantes de obra,SIN DATO,SIN DATO,SIN DATO,NO,SIN DATO,SIN DATO,agosto 14,PUNTO DE ACOPIO,4.664381,-74.066133
Universidad Nacional,Bogotá,Bogotá D.C.,Universidad Nacional U,SIN DATO,SIN DATO,SIN DATO,SIN DATO,NO,SIN DATO,SIN DATO,agosto 14,PUNTO DE ACOPIO,4.638743,-74.085238
RIOSUCIO CALDAS,Riosucio,Caldas,BONAFONT,Voluntarios · Agua · Comida · Guantes de obra · Palas · Discos de pulidora · Baldes · Botiquín · Barras de demolición · Tapabocas · Linternas · Comida para animales,SIN DATO,SIN DATO,SIN DATO,NO,SIN DATO,SIN DATO,agosto 14,PUNTO DE ACOPIO,5.420773,-75.702657
Centro de acopio /tienda PATINAJE,Popayán,Cauca,Cra 9 # 2n 55,Agua · Comida · Guantes de obra · Gafas de seguridad · Tapabocas · Linternas · Palas · Picas · Botiquín · Carpas · Pañales · Colchonetas · Comida para animales · Electrolitos · Costales · Baldes · Cin,SIN DATO,SIN DATO,SIN DATO,NO,SIN DATO,SIN DATO,agosto 14,PUNTO DE ACOPIO,2.450034,-76.623044
Quimbaya,Quimbaya,Quindío,Alcaldía de Quimbaya,Gafas de seguridad · Tapabocas · Palas · Picas · Porras · Barras de demolición · Percutores · Botiquín · Voluntarios · Agua · Comida · Guantes de obra · Colchonetas · Electrolitos · Carpas · Comida pa,SIN DATO,SIN DATO,SIN DATO,NO,SIN DATO,SIN DATO,agosto 14,PUNTO DE ACOPIO,4.623478,-75.762252
La Virginia (Risaralda) — municipio afectado,La Virginia,Risaralda,"La Virginia, Risaralda",Agua potable · Alimentos no perecederos · Medicamentos e insumos · Ropa en buen estado · Aseo personal,SIN DATO,SIN DATO,SIN DATO,NO,SIN DATO,SIN DATO,agosto 14,PUNTO DE ACOPIO,4.899599,-75.882566
Campinas de Alcala,Pereira,Risaralda,"Q7Q5+W6 Pereira, Risaralda",Agua · Comida · Pañales · Botiquín · Guantes de obra · Pañales adulto - M,SIN DATO,SIN DATO,SIN DATO,NO,SIN DATO,SIN DATO,agosto 14,PUNTO DE AGUA,4.789832,-75.741886
Casa cultural Alfonso López,Pereira,Risaralda,Casa cultural Alfonso López,Linternas · Botiquín · Agua · Comida · Comida para animales · Personal veterinario voluntario (Asi sea contacto),SIN DATO,SIN DATO,SIN DATO,NO,SIN DATO,SIN DATO,agosto 14,PUNTO DE ACOPIO,4.810914,-75.676673
Clínica COMFAMILIAR Pereira,Pereira,Risaralda,Clínica COMFAMILIAR Pereira,Agua · Comida · Electrolitos · Botiquín · Insumos,SIN DATO,SIN DATO,SIN DATO,NO,SIN DATO,SIN DATO,agosto 14,HOSPITAL,4.806655,-75.680775
Expofuturo,Pereira,Risaralda,Expofuturo,Voluntarios,SIN DATO,SIN DATO,SIN DATO,SI,SIN DATO,SIN DATO,agosto 14,PUNTO DE ACOPIO,4.805329,-75.755543
Parque del recreo cuba,Pereira,Risaralda,Parque del recreo cuba,Carpas · Bloqueadores · manteca de cacao o hidratantes de labios para los niños,SIN DATO,SIN DATO,SIN DATO,NO,SIN DATO,SIN DATO,agosto 14,ALBERGUE,4.792327,-75.740391
Providencia Pereira,Pereira,Risaralda,Providencia Pereira,Tapabocas · Comida para animales · Voluntarios · Linternas · Agua · Guantes de obra · Gafas de seguridad,SIN DATO,SIN DATO,SIN DATO,SI,SIN DATO,SIN DATO,agosto 14,ALBERGUE,4.803408,-75.697418
San Nicolás,Pereira,Risaralda,San Nicolás,Colchonetas · Pañales · Comida para animales · Cintas de seguridad · Linternas · Agua · Botiquín · Aseo personal,SIN DATO,SIN DATO,SIN DATO,NO,SIN DATO,SIN DATO,agosto 14,ALBERGUE,4.809461,-75.706411
Salón comunal barrio Rojas Pinilla,SAN GIL,Santander,SAN GIL - Salón comunal barrio Rojas Pinilla,Voluntarios · Linternas · Palas · Picas · Barras de demolición · Porras · Percutores · Cinceles · Seguetas · Discos de pulidora · Baldes · Costales · Cintas de seguridad · Electrolitos · Guantes de ob,SIN DATO,SIN DATO,SIN DATO,NO,SIN DATO,SIN DATO,agosto 14,PUNTO DE ACOPIO,6.560278,-73.138395
Carrera 8#12-40,Buga,Valle del Cauca,Carrera 8#12-40,Agua · Comida · Linternas · Cintas de seguridad · Botiquín · Carpas · Colchonetas · Pañales · Comida para animales · Tapabocas,SIN DATO,SIN DATO,SIN DATO,NO,SIN DATO,3234054700,agosto 14,PUNTO DE ACOPIO,3.902747,-76.29446
GYM CASA ESTUDIO,Buga,Valle del Cauca,GYM CASA ESTUDIO,Comida · Carpas · Pañales · Colchonetas · Alimentos perecederos · Agua · COBIJAS · GRANOS · PASTAS · ENLATADOS · BOTELLAS VACÍAS · Comida para animales · Linternas · ROPA DE BEBÉ,SIN DATO,SIN DATO,SIN DATO,SI,SIN DATO,SIN DATO,agosto 14,PUNTO DE ACOPIO,3.887732,-76.299202
Acopio Ayuda para Dagua,Cali,Valle del Cauca,"Avenida 7A Norte #56-120 Edificó Santorini, Barrio Menga Cali",Agua · Comida · Guantes de obra · Gafas de seguridad · Tapabocas · Linternas · Palas · Picas · Porras · Colchonetas · Pañales · Carpas · Comida para animales,SIN DATO,SIN DATO,SIN DATO,NO,SIN DATO,SIN DATO,agosto 14,PUNTO DE ACOPIO,3.488842,-76.526692
Acopio Ciudadela Petronio — Coliseo El Pueblo,Cali,Valle del Cauca,Unidad Deportiva Alberto Galindo,SIN DATO,SIN DATO,SIN DATO,SIN DATO,NO,SIN DATO,3127356395,agosto 14,PUNTO DE ACOPIO,3.413385,-76.551735
Acopio Fuerza Valle — CC La Estación (principal),Cali,Valle del Cauca,"Carrera 2B # 38-14, Centro Comercial La Estación, Cali",Víveres no perecederos · Agua e hidratación · Elementos de aseo · Carpas · Colchonetas · Cobijas y sábanas,SIN DATO,SIN DATO,SIN DATO,NO,SIN DATO,SIN DATO,agosto 14,PUNTO DE ACOPIO,3.46462,-76.513284
Acopio Fuerza Valle — San Antonio (secundario),Cali,Valle del Cauca,"Carrera 5 # 2-80, San Antonio, Cali",Víveres no perecederos · Agua e hidratación · Elementos de aseo · Carpas · Colchonetas · Cobijas y sábanas,SIN DATO,SIN DATO,SIN DATO,NO,SIN DATO,SIN DATO,agosto 14,PUNTO DE ACOPIO,3.448173,-76.538933
ACOPIO MI DON PARA SERVIR,Cali,Valle del Cauca,Carrera 44 #8a - 03,Agua · Comida · Guantes de obra · Gafas de seguridad · Tapabocas · Linternas · Baldes · Costales · Cintas de seguridad · Electrolitos · Botiquín · Tapers · Carpas · Colchonetas · Pañales · Cobijas · A,SIN DATO,SIN DATO,SIN DATO,NO,SIN DATO,3187767565,agosto 14,PUNTO DE ACOPIO,3.416907,-76.540085
Acopio Para El Darién y Pueblos,Cali,Valle del Cauca,Cra 39a 34 147,Agua · Comida · Guantes de obra · Gafas de seguridad · Tapabocas · Linternas · Discos de pulidora · Percutores · Cinceles · Cintas de seguridad · Electrolitos · Botiquín · Tapers · Carpas · Colchoneta,SIN DATO,SIN DATO,SIN DATO,NO,SIN DATO,3057071744,agosto 14,PUNTO DE ACOPIO,3.419385,-76.508857
Altos de Meléndez,Cali,Valle del Cauca,Altos de Meléndez,"Voluntarios · Comida para animales · Botiquín · Colchonetas · ""estufa"" ""ollas"" ""mesas"" ""gas"" ""menaje cocina"" ""platos"" ""vasos"" · Carpas",SIN DATO,SIN DATO,SIN DATO,NO,SIN DATO,SIN DATO,agosto 14,COCINA COMUNITARIA,3.377051,-76.549896
Avenida 3 c norte # 62 n 77,Cali,Valle del Cauca,Avenida 3 c norte # 62 n 77,SIN DATO,SIN DATO,SIN DATO,SIN DATO,SI,SIN DATO,3183130402,agosto 14,PUNTO DE ACOPIO,3.490349,-76.515032
Avenida 3 FN numero 59 N 120 -Unidad Recodo de la Flora casa 22.,Cali,Valle del Cauca,Avenida 3 FN numero 59 N 120 -Unidad Recodo de la Flora casa 22.,Agua · Comida · Guantes de obra · Gafas de seguridad · Tapabocas · Linternas · Palas · Picas · Porras · Barras de demolición · Percutores · Discos de pulidora · Cinceles · Seguetas · Baldes · Costales,SIN DATO,SIN DATO,SIN DATO,NO,SIN DATO,SIN DATO,agosto 14,PUNTO DE ACOPIO,3.489596,-76.5168
Ayudas para norte del valle,Cali,Valle del Cauca,Carrera 17 #21-37,Agua · Comida · Tapabocas · Linternas · Electrolitos · Carpas · Colchonetas · Pañales · Comida para animales · Guantes de obra · Palas · Seguetas · Botiquín · Productos de aseo · medicamentos · cobija,SIN DATO,SIN DATO,SIN DATO,NO,SIN DATO,3167548296,agosto 14,PUNTO DE ACOPIO,3.442712,-76.520569
Calle 27 #36 10 el jardin,Cali,Valle del Cauca,Calle 27 #36 10 el jardin,Comida · Colchonetas · Pañales · Comida para animales · Carpas · Voluntarios · Guantes de obra · Gafas de seguridad · Tapabocas,SIN DATO,SIN DATO,SIN DATO,SI,SIN DATO,SIN DATO,agosto 14,PUNTO DE ACOPIO,3.423677,-76.517129
Calle 5 - 16 Biblioteca la dignidad,Cali,Valle del Cauca,Calle 5 - 16 Biblioteca la dignidad,Linternas · Palas · Baldes · Electrolitos · Botiquín · Carpas · Guantes de obra · Gafas de seguridad · Tapabocas · Elementos para llevar al norte del Valle del Cauca,SIN DATO,SIN DATO,SIN DATO,NO,SIN DATO,SIN DATO,agosto 14,PUNTO DE ACOPIO,3.442798,-76.536957
Calle 59d #2a17 — ¡Sumemos fuerzas por Rodalnillo! 🚨,Cali,Valle del Cauca,Calle 59d #2a 17,Comida · Pañales · Botiquín · Comida para animales · Agua · Carpas · Linternas,SIN DATO,SIN DATO,SIN DATO,NO,SIN DATO,SIN DATO,agosto 14,PUNTO DE ACOPIO,3.469807,-76.494081
Barrio Calipso,Cali,Valle del Cauca,Calle 72h #28 d3 02,Comida · Guantes de obra · Linternas · Carpas · Colchonetas · Pañales · Electrolitos · Tapabocas · Agua · Acopio para La vereda SAN JUAN · corregimiento las delicias MEDIA CANOA,SIN DATO,SIN DATO,SIN DATO,NO,SIN DATO,3245036999,agosto 14,PUNTO DE ACOPIO,3.424599,-76.49616
Calle 8 14 106,Cali,Valle del Cauca,Calle 8 14 106,Agua · Gafas de seguridad · Linternas · Tapabocas · Palas · Picas · Porras · Barras de demolición · Cinceles · Seguetas · Baldes · Cintas de seguridad · Tapers · Electrolitos · Carpas,SIN DATO,SIN DATO,SIN DATO,NO,SIN DATO,SIN DATO,agosto 14,PRIVADO,3.442386,-76.534299
Calle 84 1a1-258 Ramali,Cali,Valle del Cauca,Calle 84 1a1-258 Ramali,Electrolitos · Linternas · Pañales · Colchonetas · Carpas · Toallitas húmedas · acetaminofén para niños venta libre · Jarabe para la tos venta libre · Compota,SIN DATO,SIN DATO,SIN DATO,NO,SIN DATO,SIN DATO,agosto 14,HOSPITAL,3.488946,-76.484142
Canchas panamericanas,Cali,Valle del Cauca,Canchas panamericanas,Comida · Colchonetas · Pañales · Botiquín · Ropa de hombre · PARAMEDICOS VOLUNTARIOS (9am-2pm),SIN DATO,SIN DATO,SIN DATO,NO,SIN DATO,SIN DATO,agosto 14,PUNTO DE ACOPIO,3.421818,-76.536124
Carrera 126 #5-100,Cali,Valle del Cauca,Carrera 126 #5-100,Agua · Colchonetas · Electrolitos · Linternas · Comida,SIN DATO,SIN DATO,SIN DATO,NO,SIN DATO,SIN DATO,agosto 14,PUNTO DE ACOPIO,3.333986,-76.545565
Carrera 18 # 4a - 16,Cali,Valle del Cauca,Carrera 18 # 4a - 16,Comida · Dentro de acopio para buenaventura,SIN DATO,SIN DATO,SIN DATO,NO,SIN DATO,3183130402,agosto 14,PUNTO DE ACOPIO,3.441308,-76.540019
Carrera 26 g6 #72s-160,Cali,Valle del Cauca,Carrera 26 g6 #72s-160,Agua · Comida · Pañales · Comida para animales · Linternas · Tapabocas · Botiquín · Carpas · Guantes de obra · Gafas de seguridad · Electrolitos,SIN DATO,SIN DATO,SIN DATO,NO,SIN DATO,3156973125,agosto 14,PUNTO DE ACOPIO,3.4396,-76.534939
Carrera 28 D328-68 parqueadero robles,Cali,Valle del Cauca,Carrera 28 D328-68 parqueadero robles,Colchonetas · Pañales · Carpas · Comida,SIN DATO,SIN DATO,SIN DATO,NO,SIN DATO,3183130402,agosto 14,PUNTO DE ACOPIO,3.423102,-76.494286
Carrera 56 # 13C-29,Cali,Valle del Cauca,Carrera 56 # 13C-29,Agua · Electrolitos · Botiquín · Pañales · Alimentos No Perecederos · Aseo Personal,SIN DATO,SIN DATO,SIN DATO,NO,SIN DATO,SIN DATO,agosto 14,PUNTO DE ACOPIO,3.404952,-76.534135
Casa Cristiana Internacional,Cali,Valle del Cauca,Calle18#106-46,Agua · Comida · Linternas · Tapabocas · Electrolitos · Colchonetas · Pañales · Comida para animales · Alimentos no perecederos · elementos de aseo · fórmula para bebés · insumos médicos,SIN DATO,SIN DATO,SIN DATO,NO,SIN DATO,3186318389,agosto 14,PUNTO DE ACOPIO,3.363177,-76.531681
Casa de acopio para buenaventura,Cali,Valle del Cauca,Cra 36#26-30,Agua · Tapabocas · Linternas · Botiquín · Pañales · Colchonetas,SIN DATO,SIN DATO,SIN DATO,NO,SIN DATO,3216647543,agosto 14,PUNTO DE ACOPIO,3.421094,-76.519798
Centro Cultural Comuna 1 - Vista Hermosa,Cali,Valle del Cauca,SIN DATO,Agua · Electrolitos · Botiquín · Carpas · Colchonetas · Pañales · Comida para animales,SIN DATO,SIN DATO,SIN DATO,NO,SIN DATO,SIN DATO,agosto 14,PUNTO DE ACOPIO,3.462292,-76.587291
Centro de acopio Colegio Bilingüe Lacordaire,Cali,Valle del Cauca,Centro de acopio Colegio Bilingüe Lacordaire,Guantes de obra · Gafas de seguridad · Tapabocas · Linternas · Carpas · Colchonetas · Pañales,SIN DATO,SIN DATO,SIN DATO,NO,SIN DATO,SIN DATO,agosto 14,PUNTO DE ACOPIO,3.377194,-76.543076
Centro de acopio Universidad Icesi (medicamentos),Cali,Valle del Cauca,"Universidad Icesi, Edificio G-108G",Cánulas de Guedel · Máscaras simples · Mantas térmicas · Alimento para animales · Pañales · Colchonetas · Carpas · Agua · Gafas de seguridad · Linternas · Isodine solucion · isodine espuma · Micropore,SIN DATO,SIN DATO,SIN DATO,NO,SIN DATO,3207163511,agosto 14,PUNTO DE ACOPIO,3.340881,-76.529179
Centro de Recolección Iglesia Familia de Dios (Centro Comercial Santiago Plaza),Cali,Valle del Cauca,Centro de Recolección Iglesia Familia de Dios (Centro Comercial Santiago Plaza),Agua · Comida · Tapabocas · Linternas · Electrolitos · Botiquín · Pañales · Colchonetas · Comida para animales,SIN DATO,SIN DATO,SIN DATO,NO,SIN DATO,3168617288,agosto 14,PUNTO DE ACOPIO,3.400952,-76.523981
Clínica Rey David — evacuación,Cali,Valle del Cauca,Clínica Rey David,Apoyo para evacuar pacientes,SIN DATO,SIN DATO,SIN DATO,NO,SIN DATO,SIN DATO,agosto 14,HOSPITAL,3.427267,-76.538518
Cll. 13c no. 49-15,Cali,Valle del Cauca,Cll. 13c no. 49-15,SIN DATO,SIN DATO,SIN DATO,SIN DATO,SI,SIN DATO,SIN DATO,agosto 14,PUNTO DE ACOPIO,3.409051,-76.531352
Colegio Lacordaire,Cali,Valle del Cauca,SIN DATO,SIN DATO,SIN DATO,SIN DATO,SIN DATO,NO,SIN DATO,SIN DATO,agosto 14,ALBERGUE,3.377475,-76.543166
Coliseo de Hocky Miguel Calero,Cali,Valle del Cauca,SIN DATO,SIN DATO,SIN DATO,SIN DATO,SIN DATO,NO,SIN DATO,SIN DATO,agosto 14,ALBERGUE,3.42206,-76.537909
CRA 65A #10A - 147,Cali,Valle del Cauca,CRA 65A #10A - 147,Tapabocas · Botiquín · Ropa - Alcohol - Medicamentos · Este punto NO EXISTE,SIN DATO,SIN DATO,SIN DATO,NO,SIN DATO,SIN DATO,agosto 14,PUNTO DE ACOPIO,3.399527,-76.540782
Cra 83c #38-10 casa 28 conjunto R ciudadela confandi,Cali,Valle del Cauca,Cra 83c #38-10 casa 28 conjunto R ciudadela confandi,Agua · Comida · Tapabocas · Botiquín · Carpas · Linternas · Antibióticos orales y endovenosos · dipirona · AINES · lidocaina · vendajes · a pósitos estériles · alimentos no perecederos,SIN DATO,SIN DATO,SIN DATO,NO,SIN DATO,SIN DATO,agosto 14,PUNTO DE ACOPIO,3.383419,-76.521371
Donación para montañitas y restrepo,Cali,Valle del Cauca,Carrera 28 #34-12 bello horizonte de Cali,Agua · Comida · Linternas · Tapabocas · Botiquín · Carpas · Colchonetas · Pañales · Comida para animales,SIN DATO,SIN DATO,SIN DATO,NO,SIN DATO,3117354818,agosto 14,PUNTO DE ACOPIO,3.432445,-76.505022
Donaciones,Cali,Valle del Cauca,Calle 23 #7-21,Colchonetas · Comida para animales · Voluntarios · Cobijas,SIN DATO,SIN DATO,SIN DATO,NO,SIN DATO,3018324740,agosto 14,PUNTO DE ACOPIO,3.453978,-76.521185
El Morumbi - Acopio,Cali,Valle del Cauca,Carrera 70 calle 13a 1 - 11,Comida · Gafas de seguridad · Tapabocas · Electrolitos · Pañales,SIN DATO,SIN DATO,SIN DATO,NO,SIN DATO,SIN DATO,agosto 14,PUNTO DE ACOPIO,3.394043,-76.535717
El Refugio,Cali,Valle del Cauca,"Calle 4 #66B-52, detrás del edificio Miroliving",Pilas · Gafas de seguridad · Guantes de obra · Linternas · Iluminación · cascos y guantes · Medicamentos endovenosos · Antibióticos,SIN DATO,SIN DATO,SIN DATO,NO,SIN DATO,3012881481,agosto 14,COCINA COMUNITARIA,3.397223,-76.547695
FUNDACIÓN SER PARA SER,Cali,Valle del Cauca,Cl. 11 #65 A -75,Pañales · Colchonetas · Botiquín · Electrolitos · Ropa · Comida · Agua · Comida para animales,SIN DATO,SIN DATO,SIN DATO,NO,SIN DATO,3156694806,agosto 14,PUNTO DE ACOPIO,3.398977,-76.540048
Fundapre ( fundación para el desarrollo de la educación),Cali,Valle del Cauca,Calle 5b #26-71 San Fernando,Agua · Comida · Pañales · Comida para animales · Electrolitos · Colchonetas · Carpas · Botiquín · Tapers · Productos de aseo personal,SIN DATO,SIN DATO,SIN DATO,NO,SIN DATO,3016816653,agosto 14,PUNTO DE ACOPIO,3.433931,-76.54043
Ganko,Cali,Valle del Cauca,CRA 86 bis #48-40 local 5,Agua · Comida · Pañales · Colchonetas · Comida para animales · Carpas · Ropa en buen estado para niños y adultos · zapatos · chanclas · pañales para adulto · pañales para bebé · pañitos · agua · almoh,SIN DATO,SIN DATO,SIN DATO,NO,SIN DATO,SIN DATO,agosto 14,PUNTO DE ACOPIO,3.378812,-76.515827
Garec GPS (Fundacion Red de Apoyo SIC),Cali,Valle del Cauca,Cra 14A #8-24,Pañales · Comida para animales · Carpas · Colchonetas · Botiquín · Linternas · Agua,SIN DATO,SIN DATO,SIN DATO,NO,SIN DATO,SIN DATO,agosto 14,PUNTO DE ACOPIO,3.442265,-76.534104
Hogar geriátrico luz y amor,Cali,Valle del Cauca,SIN DATO,Agua · Frutas · Necesitan agua para consumo · Frutas y verduras · No cuentan con enfermera · Servicio de enfermería,SIN DATO,SIN DATO,SIN DATO,NO,SIN DATO,3225636709,agosto 14,PUNTO DE AGUA,3.486218,-76.524085
Hospital Carlos Holmes Trujillo — evacuación,Cali,Valle del Cauca,Hospital Carlos Holmes Trujillo,Solo necesitan electrolit · Agua,SIN DATO,SIN DATO,SIN DATO,NO,SIN DATO,SIN DATO,agosto 14,HOSPITAL,3.418698,-76.494126
Iglesia Roosevelt,Cali,Valle del Cauca,"Av. Roosevelt #24-75, 3 de Julio, Cali, Valle del Cauca",SIN DATO,SIN DATO,SIN DATO,SIN DATO,NO,SIN DATO,3004129179,agosto 14,ALBERGUE,3.436539,-76.538642
IUMEC Central,Cali,Valle del Cauca,Calle 13 # 32-129,Botiquín · Colchonetas · Electrolitos · Comida para animales · Linternas · Comida · Carpas · Tapabocas · Donaciones,SIN DATO,SIN DATO,SIN DATO,NO,SIN DATO,3162959683,agosto 14,PUNTO DE ACOPIO,3.419381,-76.531097
Kiosco Caracolies leguas de guadalupe,Cali,Valle del Cauca,Calle 2 # 57,Agua · Pañales · Comida,SIN DATO,SIN DATO,SIN DATO,NO,SIN DATO,3183130402,agosto 14,PUNTO DE ACOPIO,3.432945,-76.542551
Notaría 20 — Poblado II,Cali,Valle del Cauca,"Carrera 28D #72W-14, segundo piso",Picas · Palas · Linternas · Percutores · Discos de pulidora · Pulidoras con operadores · VOLQUETAS · Barras de demolición · Baldes · Botiquín · Cintas de seguridad · Gafas de seguridad · Voluntarios ·,SIN DATO,SIN DATO,SIN DATO,NO,SIN DATO,3127937130,agosto 14,COCINA COMUNITARIA,3.421129,-76.490239
Parroquia Juan pablo ll Cra93#45-58,Cali,Valle del Cauca,Carrera 93 # 45-58,Agua · Comida · Guantes de obra · Gafas de seguridad · Tapabocas · Linternas · Palas · Picas · Porras · Barras de demolición · Percutores · Discos de pulidora · Cinceles · Seguetas · Baldes · Costales,SIN DATO,SIN DATO,SIN DATO,NO,SIN DATO,3162357186,agosto 14,PUNTO DE ACOPIO,3.376033,-76.518679
PUNTO DE ACOPIO CARRERA 24 CALLE 51-68 NUEVA FLORESTA,Cali,Valle del Cauca,CARRERA 24 CALLE 51-68 NUEVA FLORESTA,Comida no Perecedora,SIN DATO,SIN DATO,SIN DATO,NO,SIN DATO,3188056915,agosto 14,PUNTO DE ACOPIO,3.440133,-76.499083
Punto de acopio hacia el norte del valle carrera 38 #6-50 barrio eucarístico,Cali,Valle del Cauca,Punto de acopio hacia el norte del valle carrera 38 #6-50 barrio eucarístico,Agua · Comida · Gafas de seguridad · Picas · Palas · Discos de pulidora · Carpas · Linternas · Barras de demolición · Cinceles · Seguetas · Baldes · Todo tipo de insumos · Comida para animales,SIN DATO,SIN DATO,SIN DATO,SI,SIN DATO,SIN DATO,agosto 14,PUNTO DE ACOPIO,3.421484,-76.527069
Punto de acopio Unidad Guaraní,Cali,Valle del Cauca,Unidad guarani,Comida · Agua · Botiquín · Pañales · Colchonetas · Electrolitos · Comida para animales · Carpas,SIN DATO,SIN DATO,SIN DATO,NO,SIN DATO,SIN DATO,agosto 14,PUNTO DE ACOPIO,3.39018,-76.549271
Ramali casta comunal,Cali,Valle del Cauca,Ramali casta comunal,Colchonetas · Agua · Comida para animales · Carpas · Pañales · Comida,SIN DATO,SIN DATO,SIN DATO,NO,SIN DATO,3215644443,agosto 14,ALBERGUE,3.490769,-76.484596
Restaurante Valle Pacífico,Cali,Valle del Cauca,Carrera 6 # 2-130,Tapabocas · Pañales · Agua · Artículos de aseo e insumos médicos,SIN DATO,SIN DATO,SIN DATO,NO,SIN DATO,SIN DATO,agosto 14,PUNTO DE ACOPIO,3.447545,-76.538867
Sede Comunal Barrio Calima,Cali,Valle del Cauca,CRA 6N#65N-69,Centro de Acopio de ayudas,SIN DATO,SIN DATO,SIN DATO,NO,SIN DATO,3116297361,agosto 14,PUNTO DE ACOPIO,3.485464,-76.501917
Terrón colorado,Cali,Valle del Cauca,Calle 25oeste#4-64 barrio terrón colorado /frente ala escuela Ana María de Lloreda,Agua · Comida · Comida para animales · Pañales · Botiquín · Palas · Guantes de obra · Kit de aseo · material de construcción,SIN DATO,SIN DATO,SIN DATO,NO,SIN DATO,3165623912,agosto 14,PUNTO DE ACOPIO,3.452073,-76.56834
Tertuliadero Capri,Cali,Valle del Cauca,"Cra 78A #05 #10 a, Comuna 17, Cali, Valle del Cauca",Alimentos No Perecederos · Jabones Barra · Cepillos Dientes · Cremas Dentales · Papel Higiénico · Shampoo · Desodorantes · Envases de Viaje(100ml) · Kits Primer Auxilio,SIN DATO,SIN DATO,SIN DATO,NO,SIN DATO,3148887645,agosto 14,ALBERGUE,3.388014,-76.541709
Universidad del Valle San Fernando,Cali,Valle del Cauca,Universidad del valle San Fernando,Agua · Comida · Electrolitos · Botiquín · Carpas · Pañales · Colchonetas · Comida para animales · Linternas · Tapabocas,SIN DATO,SIN DATO,SIN DATO,NO,SIN DATO,3053235118,agosto 14,PUNTO DE ACOPIO,3.43478,-76.542534
Vanessa Jaramillo,Cali,Valle del Cauca,Hospital universitario,Picas · Leche de fórmula 1 en tarro · suero oral.,SIN DATO,SIN DATO,SIN DATO,NO,SIN DATO,SIN DATO,agosto 14,PUNTO DE AGUA,3.430183,-76.54544
Portal de Jamundí Carrera 1c Sur #10c-132,Jamundí,Valle del Cauca,Acopio portal de jamundi Carrera 1c Sur #10c-132,Comida · Agua · Gafas de seguridad · Barras de demolición · Baldes · Costales · Botiquín · Tapers · Carpas · Colchonetas · Pañales · Comida para animales · Guantes de obra · Porras · Discos de pulidor,SIN DATO,SIN DATO,SIN DATO,NO,SIN DATO,SIN DATO,agosto 14,PUNTO DE ACOPIO,3.254186,-76.533285
Coliseo Angelino Garzón,La Unión,Valle del Cauca,Coliseo Angelino Garzón,Comida · Comida para animales · Pañales · Colchonetas · Electrolitos,SIN DATO,SIN DATO,SIN DATO,NO,SIN DATO,SIN DATO,agosto 14,ALBERGUE,4.527269,-76.097909
Rey Bajo casa 36,Roldanillo,Valle del Cauca,Rey Bajo casa 36,Comida · Agua · Tapabocas · Colchonetas · Pañales · Comida para animales,SIN DATO,SIN DATO,SIN DATO,SI,SIN DATO,3136556005,agosto 14,PUNTO DE ACOPIO,4.421037,-76.144986
Roldanillo,Roldanillo,Valle del Cauca,Roldanillo,Gasolina · Pañales XL para ancianos · Guantes de obra · Gafas de seguridad · Tapabocas · Linternas · Palas · Pañales,SIN DATO,SIN DATO,SIN DATO,SI,SIN DATO,3128223720,agosto 14,PUNTO DE AGUA,4.409117,-76.154374
andinapolis,Trujillo,Valle del Cauca,andinapolis,Linternas · Agua · Comida · Guantes de obra · Gafas de seguridad · Porras · Colchonetas · Carpas · Comida para animales · Pañales · Botiquín · enlatados · no perecederos · starlink · paneles solares y,SIN DATO,SIN DATO,SIN DATO,SI,SIN DATO,3184695096,agosto 14,ALBERGUE,4.166972,-76.386254
Calle 15 #37-05,Yumbo,Valle del Cauca,Calle 15 #37-05,Botiquín · Electrolitos · Colchonetas · Pañales · Tapers · Carpas · Mula para B/ventura · Cajas,SIN DATO,SIN DATO,SIN DATO,NO,SIN DATO,SIN DATO,agosto 14,PUNTO DE ACOPIO,3.493583,-76.50862
Carga avioneta - Barrio León 13,Yumbo,Valle del Cauca,Calle 34a #29a-35,Voluntarios · Transporte de personal al aeropuerto 8:30am,SIN DATO,SIN DATO,SIN DATO,NO,SIN DATO,3217773660,agosto 14,PUNTO DE ACOPIO,3.556858,-76.504609
Texaco Cali - Yumbo,Yumbo,Valle del Cauca,Texaco Cali - Yumbo,Agua · Botiquín · Electrolitos · Carpas · Colchonetas · Pañales · Comida para animales,SIN DATO,SIN DATO,SIN DATO,NO,SIN DATO,SIN DATO,agosto 14,PUNTO DE ACOPIO,3.493453,-76.508854
